"RelativePath","SHA256"
"AppCompat.admx","998D195A0901BFE60828921E0AFB8690B29E8BBCAD912D26CBDE2D28178D5498"
"en-US/AppCompat.adml","BC38A5C758A102B5992CB0F79E40F3E4E5C848FE47685B6FC916DBF51AC89733"
"AttachmentManager.admx","5ECA8151E2EBC1C5C3BEEEC2B6D79D16F54EB543FBA45ED6E8CC6A7D3D5632A8"
"en-US/AttachmentManager.adml","6974AEBDCB65AB63DECD224D3C060F0AFCA11E00C781657EAD44F64073094BF8"
"CloudContent.admx","E581B12080E9D9F5397C1C2AB3D24CFF2FF70688E0CF632138940D452A329537"
"en-US/CloudContent.adml","4D43664AE3625CF2A795260D8944D2DEAED0055AFA36AD241F0E1EBBAFE4DBD7"
"ControlPanel.admx","397A5E8AFA8307A906F01F5FB9D7D9E60C428A5A7690CF8903888D4155BF643F"
"en-US/ControlPanel.adml","AC195F25B5E64A64D4A6713F24B9E608DE6401DB013711139AFC88F9E760F86A"
"ControlPanelDisplay.admx","FAD152E5BCBB19A432253CEC830E96A5FAD32A6487AB79B0267AFBCDDF47EBB5"
"en-US/ControlPanelDisplay.adml","814D0CF2BB01BDE499040D928DBE20E134CA845DB2029E64EFC16175B571AD9D"
"DataCollection.admx","16B6F939E41F3C93A4EC486AE5D9AA36EB1FE6DA18E2AB2E737D4E90220E4440"
"en-US/DataCollection.adml","FC501BE743BD3365224176E4AFFB2B85197AD800E73B6C661BE281B39C8611FF"
"DeliveryOptimization.admx","754D61058592CA4047F16E4050846858BB8323AF6D2F3DA282183C9587D4CF1A"
"en-US/DeliveryOptimization.adml","34F86525C1683F5836715F0CC096DEBA43E761E4979E0063C51EFC69AA91F6FC"
"Desktop.admx","DF488AF1A2A14338A28F635D383B01C7681DAFC14D60CB8499976C53CFC3EF37"
"en-US/Desktop.adml","6AB0FDFC27CD9BBD11F269D29FC6771DBBA0C26BE503478ABA43B65663A647E3"
"EarlyLaunchAM.admx","70CDA38C29828A70A83329D193290DB5DF3F916C463CA266DEEEE49B80E76CE5"
"en-US/EarlyLaunchAM.adml","5A5BAD4A99052A7DFFAD794A712F606F4421D0323AF8BA4121BB02034C917C1C"
"EnhancedStorage.admx","78C56FDCFD6B8750416582AA93A4B7C55FC1D42C12C841324967B82008A889A2"
"en-US/EnhancedStorage.adml","5720E59395D05111551229582D5BDBBC84BB9B08E6B3C50F4E376B4642B9779A"
"ExploitGuard.admx","4C9A00B50A9C888E6944E3A79A5FC0F2B93379B7883053FAD28CBFBBA9B04E9B"
"en-US/ExploitGuard.adml","8293EAFA2CBFB3839153B7E76264295A219188152CE55993480CE0B29E833F22"
"FindMy.admx","5696E191469DFABDD4E0B4664B84902FFF8909F0F0AE822664C4DF262A79815F"
"en-US/FindMy.adml","5FD98DCC0B25D4E46FE804B744410C2A9A8F13063A9D9C864A0EF2125F97B9B5"
"GameDVR.admx","C0D7AFB88D34ABD8547F40C62F9A2C196C8B25109D729B4B8678358C972D8237"
"en-US/GameDVR.adml","0588E597939B9795F825BD8D231D75485C26531D491DF1793049121052891EE1"
"Globalization.admx","B66712ACE42A6BD2F8A3DE9B40E795C7DBFF16D81011D49F9737DEDD83B75D49"
"en-US/Globalization.adml","B816B3719C840D262E4038EAECA700A19E969E4349F6ED0017903137203798D4"
"ICM.admx","96441AA74A539F8AE8688F31BA2D61B460D87A4159765B546B1BC39BFA905C5D"
"en-US/ICM.adml","AFB5AD6021E6000FF2983A91DC6A0123FD57248359D46FB12DC7E510A64EC9BF"
"LocalSecurityAuthority.admx","E37ED0E9809487F7E719F8B9F7C1038C0BD3348047FD9C87A9576082B9E47A24"
"en-US/LocalSecurityAuthority.adml","8D6DF2396DF3E53DD92B9E2B8947F07D4E77A7BBF2A56D77B2C29CE273221A3A"
"Logon.admx","C29C524C23659AB3D7F7CB46E23BB18657648D4B17E4239DE4EC78CF365E4827"
"en-US/Logon.adml","A807990633BD9C279F555F382E293009AE9BDF877733A57EA38451252FF918DA"
"messaging.admx","5EFC195188BC8CE3CA6757E627004EFA3D80E96D1F047C711D86E38B377832A4"
"en-US/messaging.adml","61E5BAD31D46C70356D56E46802287DAA0086957412BBA93DA19207D4E63878D"
"MicrosoftEdge.admx","0A22CA2EBBD2E6BCF71EB3A87B054175F888B1BF9883BFEE4F71042793A8D679"
"en-US/MicrosoftEdge.adml","769D2BE14E3FFBD341DC59DFE84C3B1792CC31CABBB6D747C69FD0E403B09BFD"
"NetworkConnections.admx","31B755D0DEC40ACF3C9B7260A2087379E3C75AE5C0BDC965BF9973EE4B77E3FB"
"en-US/NetworkConnections.adml","6356AD4FFC229A58A6F9C43832F588ABE9986413865145910770BC6C7CC23961"
"NewsAndInterests.admx","B2E26F1B8FF70D933A867F9CD7D1F3EA96B4E64909461A64B4FF2692A8030494"
"en-US/NewsAndInterests.adml","D73A29CD583279AB69168EE43D95B6AC9518B309C66B6037BD81357C437A1E00"
"OSPolicy.admx","6D38FF47300068AB02FCF328326443F6ADBEAC8247B5D560B25B039493F80ADB"
"en-US/OSPolicy.adml","F21A7DADE53071FF285E5C5E25A1AB06F235D8B5A59102E6271D6F3025ADC923"
"Power.admx","7F4C7E0F51C3F5517C00922B890A746E54C957D1BA806BB247753D348FCBECFF"
"en-US/Power.adml","0B950018E60FEDE525FC4DE3878CDFFF4C78116537F047B98608E4C350E9C4CA"
"Search.admx","B0521C1B02BD6DC51790508C60DE695621D22B0E7D467A1E1FD27D08D6954977"
"en-US/Search.adml","9113B199FE7E0639621A6E5D6D357633718D8E6CA79B7B478E47D55372407C97"
"SecureBoot.admx","55EA299542A56390C3819A7664AA8E8AE46BA47E81B905E9C8FF60CC79730F4B"
"en-US/SecureBoot.adml","C685A9C5ACA180625BB1FC97135D084E6409394E3490C28504D8A0DB1E84947D"
"Sensors.admx","02CD51B7D4D58426F44941E7567932F6897536CA5DD5AA6626B6F1E130E82516"
"en-US/Sensors.adml","E292EC0A1E28E3EAD1A8E49E5803E04740ACA40FD19A39F79FEC9BA061DE9785"
"SmartScreen.admx","885FD30D9354B47A0635BD6976D8248340BF847F93E52276E8F556B0600FBC23"
"en-US/SmartScreen.adml","DFA6FF34B09F13809ED911DD7D2E56D33B1D42D44E0262860F1F02EBF5A4CF7A"
"Speech.admx","9A5625BEA07F285AA3F6AF013168C7DAA0063C9FDAE54E754A1768A37E7E4200"
"en-US/Speech.adml","E81D236B08A208209B25DF8B22DF25F15E8F06BDEF3E8BC7CE69ABC8BADCD1F8"
"StartMenu.admx","DD419E65E02E78E370C93B34AA63C05DD958F25B0189CBD00462107D351716C7"
"en-US/StartMenu.adml","6CDA7E413AF663FB3F4AFC0021BAA0D4DCE4E3334BE228792FF77504E441F5EC"
"TPM.admx","27B1AA56D55B627271C92506DBF6D41567EDE5D80BD154E1B7ABFC0EF77EA8DB"
"en-US/TPM.adml","E329F0DFB380187B87F5C840A6300D9BD9C2619913EC6C95CC737A74ED187988"
"VolumeEncryption.admx","3F207AC665325809008DE2339C150D81256636D6D5BEE5A192B16207371C0F10"
"en-US/VolumeEncryption.adml","57A22FBCFB4F669EC0630BF611257574A27963FE529C14E9BCC3F45074CA5BD0"
"WebThreatDefense.admx","4C48BC951F3CBF376F4FD6718F42F60842B197889232646067854A2B65C8CDC8"
"en-US/WebThreatDefense.adml","0297618E9104C2E4A04E16AC8299F53B4CA389FA9582CB797FE6D7B88A780CE4"
"WindowsCopilot.admx","5B75F3C022BA5E83C8A7FDF96C738919BE738FA97109E144C44D71637025F200"
"en-US/WindowsCopilot.adml","567451A7488C207CA5FA9CED4FE9303D04E7EBA3A064DC03D3843EDB222FA86E"
"WindowsDefender.admx","8865884056FB9AB8A39B3D2C50ADFB73F7F740CC863712067DF4EF187C26683B"
"en-US/WindowsDefender.adml","6B071F2CF4EB7FAC937C35AF2DF1B84A4AC1E6CA267DB6779E2BE5F568FB8EE5"
"WindowsDefenderSecurityCenter.admx","AC76D0815967B897159225079A4F8502A38A16B2F4FBA32781BF3F0AA7D5A866"
"en-US/WindowsDefenderSecurityCenter.adml","80E1A2236796C454DB399E1512C083A7EF2E83845B358380622E22406CE4B259"
"WindowsMediaDRM.admx","90EA32ED96670418A3376811075AD783B78A4DECF992CEA99CEA8B7249ADAF9A"
"en-US/WindowsMediaDRM.adml","EEFF3058ED45FA9E18846EE53BE4EF621B20BA2D7BB4535A81CDBF8066604E68"
"WindowsMediaPlayer.admx","3245240CFC768E6660176A1C7E83C2B15A9E6F9E3F21BED98940D9413D655FB7"
"en-US/WindowsMediaPlayer.adml","AC668C6094254BED8D12F1BF3B6D8E60B552C288ACF47FAB101AB889BA9D824E"
"WindowsUpdate.admx","006425D1A5066D337A9DBC338743366F41C4623EB3533D2ADC3402B378457AC2"
"en-US/WindowsUpdate.adml","BAD626B0ED63B43302E8916D901B0338482FA368CA89AF168F3A6ABE144EB7BB"
"WinInit.admx","7BC345911D1659CFC881FE888FF2F58EF3E267832BE5000C8F092AEA5046FF4D"
"en-US/WinInit.adml","00FF3D345DDD3586734720DDDE1E688A31AC0CA468ED85B8A322CBCFD4BB03EE"
