"Row","Policy","AdmxFile","PolicyId","ExportScope","InstalledClass","ScopeMismatch","HistoricalRouteCoverage","RecommendedDestination","Decision","Function","Reason","InstalledSupportReference","WebEvidence","LocalEvidence"
"1","Display highly detailed status messages","Logon.admx","VerboseStatus","machine","Machine","False","Gap","Explorer","Add","Shows detailed startup, shutdown, sign-in, and sign-out progress.","Useful troubleshooting option in Explorer; another policy can suppress these messages.","windows:SUPPORTED_Win2k","","Logon.admx + en-US/Logon.adml, policy VerboseStatus"
"2","Boot-Start Driver Initialization Policy","EarlyLaunchAM.admx","POL_DriverLoadPolicy_Name","machine","Machine","False","Gap","Security","Advanced","Chooses which ELAM-classified boot drivers may load.","Boot compatibility and recovery consequences; expose only with a dedicated security workflow.","windows:SUPPORTED_Windows8","","EarlyLaunchAM.admx + en-US/EarlyLaunchAM.adml, policy POL_DriverLoadPolicy_Name"
"3","Restrict Internet communication","ICM.admx","InternetManagement_RestrictCommunication_2","machine","Machine","False","Gap","Network & Firewall","Skip","Sets a bundle of old Internet Communication restrictions.","Too broad for one control; inspect supported child policies. Shared addresses do not prove the bundle is configured.","windows:SUPPORTED_WindowsXPSP2","","ICM.admx + en-US/ICM.adml, policy InternetManagement_RestrictCommunication_2"
"4","Specify a custom active power plan","Power.admx","CustomActiveSchemeOverride_2","machine","Machine","False","Direct","Power","Extend","Forces one active power plan by its GUID.","Use existing Power control; reconcile policy ownership and available plans.","windows:SUPPORTED_WindowsVista","","Power.admx + en-US/Power.adml, policy CustomActiveSchemeOverride_2"
"5","Turn off Power Throttling","Power.admx","PowerThrottlingTurnOff","machine","Machine","False","Gap","Power","Add","Disables Windows power throttling.","Useful Power choice; explain energy and background-performance tradeoffs without promising higher performance.","windows:SUPPORTED_Windows_10_0_NOSERVER","https://learn.microsoft.com/en-us/windows-hardware/customize/desktop/customize-power-slider","Power.admx + en-US/Power.adml, policy PowerThrottlingTurnOff"
"6","Require use of fast startup","WinInit.admx","Hiberboot","machine","Machine","False","Gap","Power","Extend","Requires Fast Startup and its hibernation prerequisite.","Fold into Power. Disabling this policy returns control to the local preference; it does not force Fast Startup off.","windows:SUPPORTED_Windows8","","WinInit.admx + en-US/WinInit.adml, policy Hiberboot"
"7","Allow Secure Boot for integrity validation","VolumeEncryption.admx","AllowSecureBootForIntegrity_Name","machine","Machine","False","Gap","Security","Advanced","Chooses Secure Boot rather than legacy integrity validation for BitLocker.","Keep with BitLocker; firmware changes can trigger recovery when legacy validation is selected.","windows:SUPPORTED_Windows8","","VolumeEncryption.admx + en-US/VolumeEncryption.adml, policy AllowSecureBootForIntegrity_Name"
"8","Require additional authentication at startup","VolumeEncryption.admx","ConfigureAdvancedStartup_Name","machine","Machine","False","Gap","Security","Advanced","Sets permitted or required BitLocker startup PIN, USB key, and TPM combinations.","Needs validation, protector management, and recovery planning; setting policy alone does not configure an existing protector.","windows:SUPPORTED_Windows7","","VolumeEncryption.admx + en-US/VolumeEncryption.adml, policy ConfigureAdvancedStartup_Name"
"9","Do not show Windows tips","CloudContent.admx","DisableSoftLanding","machine","Machine","False","Related","Windows Annoyances","Extend","Suppresses contextual Windows tips.","Connect policy to the existing tips control; installed help restricts this policy to Enterprise and Education.","windows:SUPPORTED_Windows_10_0_NOSERVER","","CloudContent.admx + en-US/CloudContent.adml, policy DisableSoftLanding"
"10","Turn off cloud consumer account state content","CloudContent.admx","DisableConsumerAccountStateContent","machine","Machine","False","Related","Windows Annoyances","Extend","Replaces cloud consumer-account content with fallback content.","Add a distinct policy option inside suggestions; consumer-experiences policy is not an equivalent.","windows:SUPPORTED_Windows_10_0_RS7","","CloudContent.admx + en-US/CloudContent.adml, policy DisableConsumerAccountStateContent"
"11","Turn off cloud optimized content","CloudContent.admx","DisableCloudOptimizedContent","machine","Machine","False","Related","Windows Annoyances","Extend","Replaces cloud-optimized Windows content with fallback content.","Keep separate from consumer-account content within suggestions.","windows:SUPPORTED_Windows_10_0_RS7","","CloudContent.admx + en-US/CloudContent.adml, policy DisableCloudOptimizedContent"
"12","Turn off Microsoft consumer experiences","CloudContent.admx","DisableWindowsConsumerFeatures","machine","Machine","False","Direct","Windows Annoyances","Extend","Suppresses Microsoft consumer recommendations and account notifications.","Existing route; verify supported editions, saved policy, and effective state.","windows:SUPPORTED_Windows_10_0_NOSERVER","","CloudContent.admx + en-US/CloudContent.adml, policy DisableWindowsConsumerFeatures"
"13","Allow Diagnostic Data","DataCollection.admx","AllowTelemetry","machine","Both","False","Direct","Privacy & Telemetry","Extend","Caps Windows diagnostic-data collection and users' ability to increase it.","Expose supported levels; off requires Enterprise, Education, or Server. Does not govern all third-party applications.","windows:SUPPORTED_Windows_10_0","","DataCollection.admx + en-US/DataCollection.adml, policy AllowTelemetry"
"14","Download Mode","DeliveryOptimization.admx","DownloadMode","machine","Machine","False","Direct","Windows Update","Extend","Selects Delivery Optimization HTTP and peer download modes.","Expand the existing update control; exclude Windows 11 deprecated bypass mode.","windows:SUPPORTED_Windows_10_0","","DeliveryOptimization.admx + en-US/DeliveryOptimization.adml, policy DownloadMode"
"15","Allow antimalware service to remain running always","WindowsDefender.admx","ServiceKeepAlive","machine","Machine","False","Gap","Security","Skip","Keeps the antimalware service running when both security-intelligence families are disabled.","An internal service-lifecycle detail, not a useful desktop protection choice.","windows:SUPPORTED_Windows8","","WindowsDefender.admx + en-US/WindowsDefender.adml, policy ServiceKeepAlive"
"16","Allow antimalware service to startup with normal priority","WindowsDefender.admx","AllowFastServiceStartup","machine","Machine","False","Gap","Security","Advanced","Chooses normal or low startup priority for the antimalware service.","Specialist performance tuning; retain defaults until measured evidence justifies a control.","windows:SUPPORTED_Windows8","","WindowsDefender.admx + en-US/WindowsDefender.adml, policy AllowFastServiceStartup"
"17","Configure detection for potentially unwanted applications","WindowsDefender.admx","Root_PUAProtection","machine","Machine","False","Gap","Security","Add","Blocks, audits, or allows potentially unwanted applications.","Useful Security control with explicit modes and observed Defender state.","windows:SUPPORTED_Windows_10_0_RS1","","WindowsDefender.admx + en-US/WindowsDefender.adml, policy Root_PUAProtection"
"18","Turn off Microsoft Defender Antivirus","WindowsDefender.admx","DisableAntiSpywareDefender","machine","Machine","False","Gap","Security","Skip","Historically disabled Defender Antivirus using DisableAntiSpyware.","Do not add an unreliable legacy off switch; modern platform and tamper protection can ignore it.","windows:SUPPORTED_WindowsVista","https://learn.microsoft.com/en-us/windows-hardware/customize/desktop/unattend/security-malware-windows-defender-disableantispyware","WindowsDefender.admx + en-US/WindowsDefender.adml, policy DisableAntiSpywareDefender"
"19","Join Microsoft MAPS","WindowsDefender.admx","SpynetReporting","machine","Machine","False","Gap","Security","Add","Enables Defender cloud protection and submission of threat metadata to MAPS.","Useful privacy and security choice; old Basic and Advanced values both mean Advanced on Windows 10 onward.","windows:SUPPORTED_WindowsVista","","WindowsDefender.admx + en-US/WindowsDefender.adml, policy SpynetReporting"
"20","Configure monitoring for incoming and outgoing file and program activity","WindowsDefender.admx","RealtimeProtection_RealtimeScanDirection","machine","Machine","False","Gap","Security","Advanced","Limits NTFS real-time file monitoring to incoming, outgoing, or both directions.","Server-oriented workload tuning; do not imply that it controls firewall traffic.","windows:SUPPORTED_Windows8","","WindowsDefender.admx + en-US/WindowsDefender.adml, policy RealtimeProtection_RealtimeScanDirection"
"21","Monitor file and program activity on your computer","WindowsDefender.admx","RealtimeProtection_DisableOnAccessProtection","machine","Machine","False","Gap","Security","Advanced","Enables monitoring of file and program activity.","Place under detailed Defender protection settings; verify tamper-protection refusal.","windows:SUPPORTED_Windows8","","WindowsDefender.admx + en-US/WindowsDefender.adml, policy RealtimeProtection_DisableOnAccessProtection"
"22","Scan all downloaded files and attachments","WindowsDefender.admx","RealtimeProtection_DisableIOAVProtection","machine","Machine","False","Gap","Security","Advanced","Enables scanning of downloaded files and attachments.","Separate protection component; a dependency of Block at First Sight.","windows:SUPPORTED_Windows8","","WindowsDefender.admx + en-US/WindowsDefender.adml, policy RealtimeProtection_DisableIOAVProtection"
"23","Turn off real-time protection","WindowsDefender.admx","DisableRealtimeMonitoring","machine","Machine","False","Gap","Security","Add","Controls Defender real-time scanning and monitoring.","Useful Security state/control through a supported mechanism; show blocked changes honestly, never infer success from a policy write.","windows:SUPPORTED_WindowsVista","https://learn.microsoft.com/en-us/defender-endpoint/tamper-protection-troubleshoot","WindowsDefender.admx + en-US/WindowsDefender.adml, policy DisableRealtimeMonitoring"
"24","Turn on behavior monitoring","WindowsDefender.admx","RealtimeProtection_DisableBehaviorMonitoring","machine","Machine","False","Gap","Security","Advanced","Detects threats through program behavior.","Detailed Defender option, not a general performance tweak.","windows:SUPPORTED_Windows8","","WindowsDefender.admx + en-US/WindowsDefender.adml, policy RealtimeProtection_DisableBehaviorMonitoring"
"25","Turn on script scanning","WindowsDefender.admx","RealtimeProtection_DisableSriptScanning","machine","Machine","False","Gap","Security","Advanced","Scans scripts for threats.","Detailed Defender option; unrelated to allowing PowerShell execution.","windows:SUPPORTED_Windows8","","WindowsDefender.admx + en-US/WindowsDefender.adml, policy RealtimeProtection_DisableSriptScanning"
"26","Configure time interval for service health reports","WindowsDefender.admx","Reporting_ServiceHealthReportInterval","machine","Machine","False","Gap","Security","Skip","Sets the interval for Defender service-health reports.","Fleet reporting infrastructure; little practical value as a personal-PC control.","windows:SUPPORTED_Windows8","","WindowsDefender.admx + en-US/WindowsDefender.adml, policy Reporting_ServiceHealthReportInterval"
"27","Configure time out for detections in critically failed state","WindowsDefender.admx","Reporting_CriticalFailureTimeout","machine","Machine","False","Gap","Security","Skip","Sets when critically failed detection records change state.","Detection-report lifecycle, not a malware scan or quarantine setting.","windows:SUPPORTED_Windows8","","WindowsDefender.admx + en-US/WindowsDefender.adml, policy Reporting_CriticalFailureTimeout"
"28","Configure time out for detections in non-critical failed state","WindowsDefender.admx","Reporting_NonCriticalTimeout","machine","Machine","False","Gap","Security","Skip","Sets when noncritical failed detection records clear.","Detection-report lifecycle; omit from ordinary controls.","windows:SUPPORTED_Windows8","","WindowsDefender.admx + en-US/WindowsDefender.adml, policy Reporting_NonCriticalTimeout"
"29","Configure time out for detections in recently remediated state","WindowsDefender.admx","Reporting_RecentlyCleanedTimeout","machine","Machine","False","Gap","Security","Skip","Sets when completed detection records clear.","Report-state timing, not a general protection-history retention control.","windows:SUPPORTED_Windows8","","WindowsDefender.admx + en-US/WindowsDefender.adml, policy Reporting_RecentlyCleanedTimeout"
"30","Configure time out for detections requiring additional action","WindowsDefender.admx","Reporting_AdditionalActionTimeout","machine","Machine","False","Gap","Security","Skip","Sets when additional-action detection records clear.","Reporting bookkeeping; omit from ordinary controls.","windows:SUPPORTED_Windows8","","WindowsDefender.admx + en-US/WindowsDefender.adml, policy Reporting_AdditionalActionTimeout"
"31","Configure Watson events","WindowsDefender.admx","Reporting_DisablegenericrePorts","machine","Machine","False","Gap","Security","Advanced","Controls Defender Watson event reporting.","Potential diagnostics/privacy option, but needs current platform support and data-flow verification.","windows:SUPPORTED_Windows8","","WindowsDefender.admx + en-US/WindowsDefender.adml, policy Reporting_DisablegenericrePorts"
"32","Configure whether to report Dynamic Signature dropped events","WindowsDefender.admx","Reporting_EnableDynamicSignatureDroppedEventReporting","machine","Machine","False","Gap","Security","Skip","Reports dropped dynamic-signature events.","Specialist troubleshooting telemetry; not an ordinary privacy master switch.","windows:SUPPORTED_Windows8","","WindowsDefender.admx + en-US/WindowsDefender.adml, policy Reporting_EnableDynamicSignatureDroppedEventReporting"
"33","Configure Windows software trace preprocessor components","WindowsDefender.admx","Reporting_WppTracingComponents","machine","Machine","False","Gap","Security","Skip","Selects Defender WPP trace components.","Developer troubleshooting configuration.","windows:SUPPORTED_Windows8","","WindowsDefender.admx + en-US/WindowsDefender.adml, policy Reporting_WppTracingComponents"
"34","Configure WPP tracing level","WindowsDefender.admx","Reporting_WppTracingLevel","machine","Machine","False","Gap","Security","Skip","Selects Defender WPP trace verbosity.","Developer troubleshooting configuration.","windows:SUPPORTED_Windows8","","WindowsDefender.admx + en-US/WindowsDefender.adml, policy Reporting_WppTracingLevel"
"35","Turn off enhanced notifications","WindowsDefender.admx","Reporting_DisableEnhancedNotifications","machine","Machine","False","Gap","Security","Extend","Suppresses Defender enhanced notifications.","Integrate with one Security notification control; distinguish Defender messages from Windows Security messages.","windows:SUPPORTED_Windows_10_0","","WindowsDefender.admx + en-US/WindowsDefender.adml, policy Reporting_DisableEnhancedNotifications"
"36","Check for the latest virus and spyware security intelligence before running a scheduled scan","WindowsDefender.admx","CheckForSignaturesBeforeRunningScan","machine","Machine","False","Gap","Security","Advanced","Checks security intelligence before scheduled scans.","Useful within a future Defender schedule editor; does not affect manually started scans.","windows:SUPPORTED_WindowsVista","","WindowsDefender.admx + en-US/WindowsDefender.adml, policy CheckForSignaturesBeforeRunningScan"
"37","Configure scanning of network files","WindowsDefender.admx","Scan_DisableScanningNetworkFiles","machine","Machine","False","Gap","Security","Advanced","Scans network files when accessed.","Keep separate from scheduled mapped-drive scanning and network-domain protection.","windows:SUPPORTED_Windows8","","WindowsDefender.admx + en-US/WindowsDefender.adml, policy Scan_DisableScanningNetworkFiles"
"38","Turn on heuristics","WindowsDefender.admx","Scan_DisableHeuristics","machine","Machine","False","Gap","Security","Advanced","Enables heuristic detection of unfamiliar threats.","Detailed protection setting; do not present disabling it as an optimization.","windows:SUPPORTED_Windows8","","WindowsDefender.admx + en-US/WindowsDefender.adml, policy Scan_DisableHeuristics"
"39","Allow real-time security intelligence updates based on reports to Microsoft MAPS","WindowsDefender.admx","SignatureUpdate_RealtimeSignatureDelivery","machine","Machine","False","Gap","Security","Advanced","Receives rapid threat-specific intelligence after MAPS reports.","Cloud-protection dependency; not the normal update schedule.","windows:SUPPORTED_Windows8","","WindowsDefender.admx + en-US/WindowsDefender.adml, policy SignatureUpdate_RealtimeSignatureDelivery"
"40","Allow security intelligence updates from Microsoft Update","WindowsDefender.admx","SignatureUpdate_ForceUpdateFromMU","machine","Machine","False","Gap","Security","Advanced","Permits Microsoft Update as an intelligence source despite another configured source.","Mainly managed-update environments; later source-selection editor.","windows:SUPPORTED_Windows8","","WindowsDefender.admx + en-US/WindowsDefender.adml, policy SignatureUpdate_ForceUpdateFromMU"
"41","Use a common set of exploit protection settings","ExploitGuard.admx","ExploitProtection_Name","machine","Machine","False","Gap","Security","Advanced","Imports system and application exploit mitigations from an XML location.","Requires trusted-file validation and capture of actual mitigation state, not merely the file path.","windows:SUPPORTED_Windows_10_0_RS3","","ExploitGuard.admx + en-US/ExploitGuard.adml, policy ExploitProtection_Name"
"42","Configure Open Microsoft Edge With","MicrosoftEdge.admx","ConfigureOpenEdgeWith","machine","Both","False","Gap","Windows Annoyances","Skip","Chooses startup pages for legacy Microsoft Edge.","Use current Chromium Edge startup policies if this feature is added; do not add the old EdgeHTML policy.","SUPPORTED_INTERNET_BROWSER_RS5","","MicrosoftEdge.admx + en-US/MicrosoftEdge.adml, policy ConfigureOpenEdgeWith"
"43","Allow Cloud Search","Search.admx","AllowCloudSearch","machine","Machine","False","Gap","Windows Annoyances","Add","Allows Windows Search to search cloud content such as OneDrive and SharePoint.","Distinct from web results; belongs in Search with applicable account/build checks.","windows:SUPPORTED_Windows_10_0","","Search.admx + en-US/Search.adml, policy AllowCloudSearch"
"44","Allow Cortana","Search.admx","AllowCortana","machine","Machine","False","Gap","Windows Annoyances","Skip","Allowed the retired Cortana assistant while retaining local search.","No new Cortana switch for the Windows 11 target.","windows:SUPPORTED_Windows_10_0","https://support.microsoft.com/en-us/cortana/end-of-support-for-cortana","Search.admx + en-US/Search.adml, policy AllowCortana"
"45","Allow Cortana above lock screen","Search.admx","AllowCortanaAboveLock","machine","Machine","False","Gap","Windows Annoyances","Skip","Allowed speech interaction with Cortana while locked.","Retired assistant; not a modern voice-access or Copilot setting.","windows:SUPPORTED_Windows_10_0","https://support.microsoft.com/en-us/cortana/end-of-support-for-cortana","Search.admx + en-US/Search.adml, policy AllowCortanaAboveLock"
"46","Allow search and Cortana to use location","Search.admx","AllowSearchToUseLocation","machine","Machine","False","Gap","Windows Annoyances","Investigate","Allows location-aware Search and Cortana results.","Mixed current/retired feature identity; prove a current Search effect before offering it.","windows:SUPPORTED_Windows_10_0","","Search.admx + en-US/Search.adml, policy AllowSearchToUseLocation"
"47","Do not allow web search","Search.admx","DisableWebSearch","machine","Machine","False","Related","Windows Annoyances","Investigate","Removes web search from an older Windows Desktop Search implementation.","Installed support reference is RedistOnly; do not equate this with a working modern Search policy.","RedistOnly","","Search.admx + en-US/Search.adml, policy DisableWebSearch"
"48","Don't search the web or display web results in Search","Search.admx","DoNotUseWebResults","machine","Machine","False","Related","Windows Annoyances","Investigate","Suppresses connected web queries and results in Search.","Resolve supported Windows 11 behavior before merging with the existing Bing preference control.","WinBlueOnly","","Search.admx + en-US/Search.adml, policy DoNotUseWebResults"
"49","Don't search the web or display web results in Search over metered connections","Search.admx","DoNotUseWebResultsOnMeteredConnections","machine","Machine","False","Related","Windows Annoyances","Skip","Suppresses connected Search web results only on metered connections.","Installed support is Windows 8.1 exclusive; no new Windows 11 control.","WinBlueExclusive","","Search.admx + en-US/Search.adml, policy DoNotUseWebResultsOnMeteredConnections"
"50","Set what information is shared in Search","Search.admx","SearchPrivacy","machine","Machine","False","Gap","Windows Annoyances","Skip","Chooses personal data shared with Bing by connected Search.","Installed support is Windows 8.1 exclusive; not a current diagnostic-data switch.","WinBlueExclusive","","Search.admx + en-US/Search.adml, policy SearchPrivacy"
"51","Enable Secure Boot Certificate Deployment","SecureBoot.admx","SecureBoot_AvailableUpdatesPolicy","machine","Machine","False","Gap","Security","Advanced","Starts deployment of Secure Boot certificates into firmware.","A dedicated maintenance action, not a reversible toggle; certificates cannot be undone from Windows.","windows:SUPPORTED_Windows8","","SecureBoot.admx + en-US/SecureBoot.adml, policy SecureBoot_AvailableUpdatesPolicy"
"52","Allow widgets","NewsAndInterests.admx","AllowNewsAndInterests","machine","Machine","False","Related","Taskbar","Extend","Allows or blocks the Widgets experience.","Add policy semantics beside taskbar visibility; hiding the button is a different state.","windows:SUPPORTED_Windows_10_0_NOSERVER","https://learn.microsoft.com/en-us/windows/client-management/mdm/policy-csp-newsandinterests","NewsAndInterests.admx + en-US/NewsAndInterests.adml, policy AllowNewsAndInterests"
"53","Disable Widgets Board","NewsAndInterests.admx","DisableWidgetsBoard","machine","Machine","False","Related","Taskbar","Extend","Blocks Widgets Board invocation and its taskbar entry point.","Expose separately where supported; the current CSP page labels it Insider Preview.","windows:SUPPORTED_Windows_11_0_22H2_NOSERVER","https://learn.microsoft.com/en-us/windows/client-management/mdm/policy-csp-newsandinterests","NewsAndInterests.admx + en-US/NewsAndInterests.adml, policy DisableWidgetsBoard"
"54","Disable Widgets On Lock Screen","NewsAndInterests.admx","DisableWidgetsOnLockScreen","machine","Machine","False","Gap","Taskbar","Add","Suppresses Widgets on the lock screen.","Useful distinct option; gate by confirmed build support rather than this preview host alone.","windows:SUPPORTED_Windows_11_0_22H2_NOSERVER","https://learn.microsoft.com/en-us/windows/client-management/mdm/policy-csp-newsandinterests","NewsAndInterests.admx + en-US/NewsAndInterests.adml, policy DisableWidgetsOnLockScreen"
"55","Allow export of Recall and snapshot information","WindowsCopilot.admx","AllowRecallExport","machine","Machine","False","Gap","Windows Annoyances","Advanced","Permits user-initiated encrypted Recall snapshot export.","EEA-only feature with edition/build documentation differences; not a Recall disable switch.","windows:SUPPORTED_Windows_11_0_NOSERVER_ENTERPRISE_EDUCATION_PRO_SANDBOX","https://learn.microsoft.com/en-us/windows/client-management/mdm/policy-csp-windowsai#allowrecallexport","WindowsCopilot.admx + en-US/WindowsCopilot.adml, policy AllowRecallExport"
"56","Allow Recall to be enabled","WindowsCopilot.admx","AllowRecallEnablement","machine","Machine","False","Direct","Windows Annoyances","Extend","Controls Recall component availability; disabling removes it and saved snapshots.","Audit existing control first. Restoring a registry value cannot restore deleted snapshots.","windows:SUPPORTED_Windows_11_0_NOSERVER_ENTERPRISE_EDUCATION_PRO_SANDBOX","https://learn.microsoft.com/en-us/windows/client-management/mdm/policy-csp-windowsai#allowrecallenablement","WindowsCopilot.admx + en-US/WindowsCopilot.adml, policy AllowRecallEnablement"
"57","Disable Settings agentic search experience","WindowsCopilot.admx","DisableSettingsAgent","machine","Machine","False","Gap","Windows Annoyances","Add","Disables the AI agent experience in Settings search.","Useful AI choice; ordinary indexed and semantic search remain. Gate edition/build because current CSP lists preview support.","windows:SUPPORTED_Windows_11_0_NOSERVER_ENTERPRISE_EDUCATION_PRO_SANDBOX","https://learn.microsoft.com/en-us/windows/client-management/mdm/policy-csp-windowsai#disablesettingsagent","WindowsCopilot.admx + en-US/WindowsCopilot.adml, policy DisableSettingsAgent"
"58","Turn off saving snapshots for use with Recall","WindowsCopilot.admx","DisableAIDataAnalysis","machine","Both","False","Direct","Windows Annoyances","Extend","Forbids future Recall snapshots and deletes existing snapshots.","Existing control needs accurate destructive-effect handling and per-user consent semantics.","windows:SUPPORTED_Windows_11_0_NOSERVER_ENTERPRISE_EDUCATION_PRO_SANDBOX","https://learn.microsoft.com/en-us/windows/client-management/mdm/policy-csp-windowsai#disableaidataanalysis","WindowsCopilot.admx + en-US/WindowsCopilot.adml, policy DisableAIDataAnalysis"
"59","Enables or disables Windows Game Recording and Broadcasting","GameDVR.admx","AllowGameDVR","machine","Machine","False","Related","Windows Annoyances","Extend","Permits or prohibits Windows game recording and broadcasting.","Extend the existing capture preference control with machine policy and effective-state detection.","windows:SUPPORTED_Windows_10_0_NOSERVER","","GameDVR.admx + en-US/GameDVR.adml, policy AllowGameDVR"
"60","Prevent Automatic Updates","WindowsMediaPlayer.admx","DisableAutoUpdate","machine","Machine","False","Gap","Windows Apps / legacy Media Player","Investigate","A Windows Media Player policy named Prevent Automatic Updates has help describing first-run dialogs.","Both installed help and Microsoft documentation conflict with the name. Do not classify it as Windows Update or implement guessed behavior.","SUPPORTED_WMP9","https://learn.microsoft.com/en-us/windows/client-management/mdm/policy-csp-admx-windowsmediaplayer#disableautoupdate","WindowsMediaPlayer.admx + en-US/WindowsMediaPlayer.adml, policy DisableAutoUpdate"
"61","Allow Automatic Updates immediate installation","WindowsUpdate.admx","ImmediateInstall_Title","machine","Machine","False","Gap","Windows Update","Skip","Historically installed updates immediately when they required no restart.","Microsoft confirms no effect on Windows 10 or 11.","WU_SUPPORTED_Win2kSP3_Or_XPSP1_Through_Win81_or_Server2012R2","https://learn.microsoft.com/en-us/windows/deployment/update/avoid-legacy-policy-configurations#allow-automatic-updates-immediate-installation","WindowsUpdate.admx + en-US/WindowsUpdate.adml, policy ImmediateInstall_Title"
"62","Enabling Windows Update Power Management to automatically wake up the system to install scheduled updates","WindowsUpdate.admx","AUPowerManagement_Title","machine","Machine","False","Gap","Windows Update","Investigate","Permits Windows Update to wake sleeping PCs for scheduled installation.","Useful intent, but installed support excludes Windows 11; verify a supported replacement before promising control.","windows:SUPPORTED_Windows7ToVistaAndWindows10","","WindowsUpdate.admx + en-US/WindowsUpdate.adml, policy AUPowerManagement_Title"
"63","Turn on recommended updates via Automatic Updates","WindowsUpdate.admx","IncludeRecommendedUpdates_Title","machine","Machine","False","Gap","Windows Update","Skip","Historically included recommended updates with important updates.","Microsoft confirms no effect on Windows 10 or 11.","WU_SUPPORTED_WindowsVista_Through_Win81_or_Server2012R2","https://learn.microsoft.com/en-us/windows/deployment/update/avoid-legacy-policy-configurations#turn-on-recommended-updates-via-automatic-updates","WindowsUpdate.admx + en-US/WindowsUpdate.adml, policy IncludeRecommendedUpdates_Title"
"64","Configure Automatic Updates","WindowsUpdate.admx","AutoUpdateCfg","machine","Machine","False","Partial","Windows Update","Extend","Controls automatic download/install behavior and scheduled installation.","Expose NoAutoUpdate and valid client scheduling fields atomically; exclude obsolete and Server-only modes.","WU_SUPPORTED_XPSP1_or_Win2kSP3_AUOption7_SUPPORTED_Server2016","","WindowsUpdate.admx + en-US/WindowsUpdate.adml, policy AutoUpdateCfg"
"65","Specify deadline for automatic updates and restarts for feature update","WindowsUpdate.admx","ComplianceDeadlineForFU","machine","Machine","False","Gap","Windows Update","Add","Sets feature-update installation deadlines and restart grace periods.","Use a shared update schedule editor; deadlines override normal scheduling after expiry on patched Windows 11.","windows:SUPPORTED_Windows_10_0_RS3","https://learn.microsoft.com/en-us/windows/deployment/update/wufb-compliancedeadlines","WindowsUpdate.admx + en-US/WindowsUpdate.adml, policy ComplianceDeadlineForFU"
"66","Specify deadline for automatic updates and restarts for quality update","WindowsUpdate.admx","ComplianceDeadline","machine","Machine","False","Gap","Windows Update","Add","Sets quality-update installation deadlines and restart grace periods.","Keep separate values from feature updates inside the same editor; explain forced restarts after expiry.","windows:SUPPORTED_Windows_10_0_RS3","https://learn.microsoft.com/en-us/windows/deployment/update/wufb-compliancedeadlines","WindowsUpdate.admx + en-US/WindowsUpdate.adml, policy ComplianceDeadline"
"67","Turn off auto-restart for updates during active hours","WindowsUpdate.admx","ActiveHours","machine","Machine","False","Related","Windows Update","Extend","Prevents update restarts within policy-defined active hours, subject to stronger restart policies.","Integrate with the active-hours control; include deadline conflicts and supported hour ranges.","windows:SUPPORTED_Windows_10_0_NOARM","","WindowsUpdate.admx + en-US/WindowsUpdate.adml, policy ActiveHours"
"68","Update Power Policy for Cart Restarts","WindowsUpdate.admx","SetEDURestart","machine","Machine","False","Gap","Windows Update","Skip","Skips power checks for scheduled restarts of school devices stored on carts.","Education fleet workflow, not a general laptop wake or restart control.","windows:SUPPORTED_Windows_10_0","","WindowsUpdate.admx + en-US/WindowsUpdate.adml, policy SetEDURestart"
"69","Disable safeguards for Feature Updates","WindowsUpdate.admx","DisableWUfBSafeguards","machine","Machine","False","Gap","Windows Update","Advanced","Bypasses compatibility safeguard holds on feature upgrades.","Useful for deliberate testing only; it does not improve compatibility or repair the underlying issue.","windows:SUPPORTED_Windows_10_0_RS7","","WindowsUpdate.admx + en-US/WindowsUpdate.adml, policy DisableWUfBSafeguards"
"70","Do not include drivers with Windows Updates","WindowsUpdate.admx","ExcludeWUDriversInQualityUpdate","machine","Machine","False","Direct","Windows Update","Extend","Excludes Driver-classified updates from Windows quality updates.","Keep existing control; do not describe it as blocking every driver installation source.","windows:SUPPORTED_Windows_10_0_NOARM","","WindowsUpdate.admx + en-US/WindowsUpdate.adml, policy ExcludeWUDriversInQualityUpdate"
"71","Settings Page Visibility","ControlPanel.admx","SettingsPageVisibility","machine","Both","False","Gap","Explorer","Advanced","Hides selected Windows Settings pages or permits only selected pages.","Useful customization/Owner option later; needs a named-page picker and a reliable restore path.","windows:SUPPORTED_Windows_10_0_RS2","","ControlPanel.admx + en-US/ControlPanel.adml, policy SettingsPageVisibility"
"72","Prevent enabling lock screen camera","ControlPanelDisplay.admx","CPL_Personalization_NoLockScreenCamera","machine","Machine","False","Gap","Privacy & Telemetry","Investigate","Prevents invoking a camera from the lock screen.","Verify the feature exists on the target build; not a camera privacy master switch or Windows Hello control.","windows:SUPPORTED_Windows_6_3","","ControlPanelDisplay.admx + en-US/ControlPanelDisplay.adml, policy CPL_Personalization_NoLockScreenCamera"
"73","Allow users to enable online speech recognition services","Globalization.admx","AllowInputPersonalization","machine","Machine","False","Related","Privacy & Telemetry","Extend","Prevents users from enabling online speech recognition.","Join policy with existing speech preference; allowing it does not opt the user into speech services.","windows:SUPPORTED_Windows_10_0","","Globalization.admx + en-US/Globalization.adml, policy AllowInputPersonalization"
"74","Disable Active Desktop","Desktop.admx","NoActiveDesktop","machine","User","True","Gap","Explorer","Skip","Disables the pre-Vista Active Desktop feature.","Obsolete target and wrong exported scope; not a Windows 11 desktop setting.","windows:SUPPORTED_WindowsPreVista","","Desktop.admx + en-US/Desktop.adml, policy NoActiveDesktop"
"75","Disable all items","Desktop.admx","sz_ATC_NoComponents","machine","User","True","Gap","Explorer","Skip","Removes old Active Desktop web content.","Not ordinary desktop icons; obsolete target and wrong exported scope.","windows:SUPPORTED_WindowsPreVista","","Desktop.admx + en-US/Desktop.adml, policy sz_ATC_NoComponents"
"76","Enable Active Desktop","Desktop.admx","ForceActiveDesktopOn","machine","User","True","Gap","Explorer","Skip","Forces the pre-Vista Active Desktop feature on.","Obsolete target and wrong exported scope.","windows:SUPPORTED_WindowsPreVista","","Desktop.admx + en-US/Desktop.adml, policy ForceActiveDesktopOn"
"77","Prohibit adding items","Desktop.admx","sz_ATC_DisableAdd","machine","User","True","Gap","Explorer","Skip","Prevents adding web content to Active Desktop.","Obsolete target and wrong exported scope.","windows:SUPPORTED_WindowsPreVista","","Desktop.admx + en-US/Desktop.adml, policy sz_ATC_DisableAdd"
"78","Prohibit changes","Desktop.admx","NoActiveDesktopChanges","machine","User","True","Gap","Explorer","Skip","Locks the old Active Desktop configuration.","Obsolete target and wrong exported scope.","windows:SUPPORTED_WindowsPreVista","","Desktop.admx + en-US/Desktop.adml, policy NoActiveDesktopChanges"
"79","Prohibit use of Internet Connection Firewall on your DNS domain network","NetworkConnections.admx","NC_PersonalFirewallConfig","machine","Machine","False","Gap","Network & Firewall","Skip","Prohibits the pre-XP-SP2 Internet Connection Firewall on a matching DNS domain.","Not Windows Defender Firewall; exclude the obsolete policy.","windows:SUPPORTED_WindowsNET_XP","","NetworkConnections.admx + en-US/NetworkConnections.adml, policy NC_PersonalFirewallConfig"
"80","Remove Recommended section from Start Menu","StartMenu.admx","HideRecommendedSection","machine","Both","False","Related","Windows Annoyances","Extend","Removes the Start menu Recommended section.","Existing route; verify edition/build and distinguish hiding content from removing the section.","windows:SUPPORTED_Windows_11_0_22H2","","StartMenu.admx + en-US/StartMenu.adml, policy HideRecommendedSection"
"81","Do not allow Windows to activate Enhanced Storage devices","EnhancedStorage.admx","TCGSecurityActivationDisabled","machine","Machine","False","Gap","Security","Advanced","Prevents activation of Enhanced Storage devices.","Specialized storage hardware workflow; not ordinary removable-drive access or BitLocker.","windows:SUPPORTED_Windows7","","EnhancedStorage.admx + en-US/EnhancedStorage.adml, policy TCGSecurityActivationDisabled"
"82","Configures LSASS to run as a protected process","LocalSecurityAuthority.admx","ConfigureLsaProtectedProcess","machine","Machine","False","Gap","Security","Advanced","Runs LSASS as a protected process, optionally with a UEFI lock.","Useful hardening, but start with status and reversible mode; locked mode requires a separate recovery-aware workflow.","windows:SUPPORTED_Windows_10_0_RS6_NOSERVER","","LocalSecurityAuthority.admx + en-US/LocalSecurityAuthority.adml, policy ConfigureLsaProtectedProcess"
"83","Allow Clipboard History","OSPolicy.admx","AllowClipboardHistory","machine","Machine","False","Gap","Windows Annoyances","Add","Allows or prohibits clipboard history.","Useful privacy control; separate allowed state from the user's enabled preference.","windows:SUPPORTED_Windows_10_0","","OSPolicy.admx + en-US/OSPolicy.adml, policy AllowClipboardHistory"
"84","Allow Clipboard synchronization across devices","OSPolicy.admx","AllowCrossDeviceClipboard","machine","Machine","False","Direct","Windows Annoyances","Extend","Allows or prohibits clipboard sync across the same account's devices.","Use the existing clipboard-sync feature; permitting sync does not establish user opt-in.","windows:SUPPORTED_Windows_10_0","","OSPolicy.admx + en-US/OSPolicy.adml, policy AllowCrossDeviceClipboard"
"85","Allow publishing of User Activities","OSPolicy.admx","PublishUserActivities","machine","Machine","False","Direct","Privacy & Telemetry","Extend","Allows applications to publish User Activities.","Audit the existing activity control against current Windows behavior; distinct from Recall and diagnostics.","windows:SUPPORTED_Windows_10_0","","OSPolicy.admx + en-US/OSPolicy.adml, policy PublishUserActivities"
"86","Allow upload of User Activities","OSPolicy.admx","UploadUserActivities","machine","Machine","False","Direct","Privacy & Telemetry","Skip","Historically allowed published User Activities to upload to Microsoft.","Cloud activity-history sending was removed from patched Windows 11 in January 2024; do not add a current upload switch.","windows:SUPPORTED_Windows_10_0","https://support.microsoft.com/en-us/windows/privacy/windows-activity-history-and-your-privacy","OSPolicy.admx + en-US/OSPolicy.adml, policy UploadUserActivities"
"87","Enables Activity Feed","OSPolicy.admx","EnableActivityFeed","machine","Machine","False","Direct","Privacy & Telemetry","Investigate","Enabled the Activity Feed, including historical cross-device activity synchronization.","Timeline and cloud synchronization retired on Windows 11; prove any remaining local consumer before extending the existing control.","windows:SUPPORTED_Windows_10_0","https://learn.microsoft.com/en-us/windows/whats-new/deprecated-features","OSPolicy.admx + en-US/OSPolicy.adml, policy EnableActivityFeed"
"88","Configure the level of TPM owner authorization information available to the operating system","TPM.admx","OSManagedAuth_Name","machine","Machine","False","Gap","Security","Investigate","Selects how much TPM owner-authorization material Windows stores locally.","Modern default 5 is absent from the old template choices. Retaining the full password requires value 4 before provisioning; verify other modes.","windows:SUPPORTED_Windows8","https://learn.microsoft.com/en-us/windows/security/hardware-security/tpm/change-the-tpm-owner-password","TPM.admx + en-US/TPM.adml, policy OSManagedAuth_Name"
"89","Turn off Inventory Collector","AppCompat.admx","AppCompatTurnOffProgramInventory","machine","Machine","False","Gap","Privacy & Telemetry","Add","Stops compatibility inventory of applications, files, devices, and drivers being sent to Microsoft.","Useful privacy option; dependency on CEIP means the control may already be covered by another setting.","windows:SUPPORTED_Windows7","","AppCompat.admx + en-US/AppCompat.adml, policy AppCompatTurnOffProgramInventory"
"90","Turn off Steps Recorder","AppCompat.admx","AppCompatTurnOffUserActionRecord","machine","Machine","False","Gap","Privacy & Telemetry","Skip","Disables the manually used Steps Recorder support tool.","Deprecated feature, not continuous background recording. Retain recognition if present rather than prioritizing an editor.","windows:SUPPORTED_Windows7","https://learn.microsoft.com/en-us/windows/whats-new/deprecated-features","AppCompat.admx + en-US/AppCompat.adml, policy AppCompatTurnOffUserActionRecord"
"91","Notify antivirus programs when opening attachments","AttachmentManager.admx","AM_CallIOfficeAntiVirus","machine","User","True","Gap","Security","Advanced","Asks registered antivirus products to scan opened attachments and blocks opening if the scanner fails.","User policy, despite machine scope in export; distinguish this extra callback from normal on-access scanning.","windows:SUPPORTED_WindowsXPSP2","","AttachmentManager.admx + en-US/AttachmentManager.adml, policy AM_CallIOfficeAntiVirus"
"92","Do not suggest third-party content in Windows spotlight","CloudContent.admx","DisableThirdPartySuggestions","machine","User","True","Related","Windows Annoyances","Extend","Removes third-party suggestions from Windows Spotlight experiences.","Wire the existing read-only definition into suggestions; use the actual user scope.","windows:SUPPORTED_Windows_10_0_NOSERVER","","CloudContent.admx + en-US/CloudContent.adml, policy DisableThirdPartySuggestions"
"93","Turn On/Off Find My Device","FindMy.admx","FindMy_AllowFindMyDeviceConfig","machine","Machine","False","Gap","Privacy & Telemetry","Add","Controls cloud registration of the device's location for Find My Device.","Useful privacy/recovery tradeoff; account and location prerequisites must be shown.","windows:SUPPORTED_Windows_10_0_NOSERVER","","FindMy.admx + en-US/FindMy.adml, policy FindMy_AllowFindMyDeviceConfig"
"94","Turn off location","Sensors.admx","DisableLocation_2","machine","Machine","False","Direct","Privacy & Telemetry","Extend","Prohibits programs from using the Windows location feature.","Extend the location control with machine policy; does not stop all possible network-based location inference.","windows:SUPPORTED_Windows7","","Sensors.admx + en-US/Sensors.adml, policy DisableLocation_2"
"95","Allow Message Service Cloud Sync","messaging.admx","AllowMessageSync","machine","Machine","False","Gap","Privacy & Telemetry","Investigate","Allows cloud backup and restore of cellular text messages.","Not general messaging or Phone Link sync; confirm a current cellular-message consumer before adding it.","windows:SUPPORTED_Windows_10_0_RS3","","messaging.admx + en-US/messaging.adml, policy AllowMessageSync"
"96","Configure local administrator merge behavior for lists","WindowsDefender.admx","DisableLocalAdminMerge","machine","Machine","False","Gap","Security","Advanced","Decides whether locally configured Defender lists merge with Group Policy lists.","Belongs with exclusions and policy-source ownership; can change which exclusions actually apply.","windows:SUPPORTED_Windows8","","WindowsDefender.admx + en-US/WindowsDefender.adml, policy DisableLocalAdminMerge"
"97","Randomize scheduled task times","WindowsDefender.admx","RandomizeScheduleTaskTimes","machine","Machine","False","Gap","Security","Advanced","Randomizes scheduled Defender scan and intelligence-update times.","Useful within a schedule editor; display the configured window, not only a boolean.","windows:SUPPORTED_Windows8","","WindowsDefender.admx + en-US/WindowsDefender.adml, policy RandomizeScheduleTaskTimes"
"98","Turn off routine remediation","WindowsDefender.admx","DisableRoutinelyTakingAction","machine","Machine","False","Gap","Security","Advanced","Selects automatic threat remediation versus asking the user to choose an action.","Explicit Security behavior; not the same as turning scanning off.","windows:SUPPORTED_WindowsVista","","WindowsDefender.admx + en-US/WindowsDefender.adml, policy DisableRoutinelyTakingAction"
"99","Suppresses reboot notifications","WindowsDefender.admx","UX_Configuration_SuppressRebootNotification","machine","Machine","False","Gap","Security","Advanced","Suppresses antimalware reboot notifications in a specific UI mode.","Verify modern applicability; do not merge silently with hiding informational notifications.","windows:SUPPORTED_WindowsVista","","WindowsDefender.admx + en-US/WindowsDefender.adml, policy UX_Configuration_SuppressRebootNotification"
"100","Turn off Auto Exclusions","WindowsDefender.admx","DisableAutoExclusions","machine","Machine","False","Gap","Security","Skip","Disables automatic exclusions for Windows Server roles.","Server-only policy outside the current Windows client target.","windows:SUPPORTED_Windows_10_0_SERVER","","WindowsDefender.admx + en-US/WindowsDefender.adml, policy DisableAutoExclusions"
"101","Configure local setting override for reporting to Microsoft MAPS","WindowsDefender.admx","Spynet_LocalSettingOverrideSpynetReporting","machine","Machine","False","Gap","Security","Advanced","Lets the local MAPS preference override its Group Policy setting.","Policy-source precedence detail; belongs under cloud protection ownership, not a separate feature switch.","windows:SUPPORTED_Windows8","","WindowsDefender.admx + en-US/WindowsDefender.adml, policy Spynet_LocalSettingOverrideSpynetReporting"
"102","Configure the 'Block at First Sight' feature","WindowsDefender.admx","DisableBlockAtFirstSeen","machine","Machine","False","Gap","Security","Add","Checks suspicious content with Defender cloud protection before allowing it.","Expose with cloud protection and dependency checks for samples, downloaded-file scans, and real-time protection.","windows:SUPPORTED_Windows_10_0","","WindowsDefender.admx + en-US/WindowsDefender.adml, policy DisableBlockAtFirstSeen"
"103","Send file samples when further analysis is required","WindowsDefender.admx","SubmitSamplesConsent","machine","Machine","False","Gap","Security","Add","Chooses prompting, safe samples, all samples, or no automatic sample submission.","Useful privacy/security choice; explain effects on cloud protection rather than hiding it in a telemetry preset.","windows:SUPPORTED_WindowsVista","","WindowsDefender.admx + en-US/WindowsDefender.adml, policy SubmitSamplesConsent"
"104","Configure Controlled folder access","WindowsDefender.admx","ExploitGuard_ControlledFolderAccess_EnableControlledFolderAccess","machine","Machine","False","Gap","Security","Add","Blocks or audits untrusted changes to protected folders or disk sectors.","Ransomware protection needs mode selection, allowed apps, and protected-folder management.","windows:SUPPORTED_Windows_10_0_RS3","","WindowsDefender.admx + en-US/WindowsDefender.adml, policy ExploitGuard_ControlledFolderAccess_EnableControlledFolderAccess"
"105","Prevent users and apps from accessing dangerous websites","WindowsDefender.admx","ExploitGuard_EnableNetworkProtection","machine","Machine","False","Gap","Security","Add","Blocks or audits applications connecting to malicious domains.","Distinct from firewall rules and browser SmartScreen; verify prerequisites and observed protection mode.","windows:SUPPORTED_Windows_10_0_RS3","","WindowsDefender.admx + en-US/WindowsDefender.adml, policy ExploitGuard_EnableNetworkProtection"
"106","Configure extended cloud check","WindowsDefender.admx","MpEngine_MpBafsExtendedTimeout","machine","Machine","False","Gap","Security","Advanced","Adds waiting time for Defender to obtain a cloud verdict on a suspicious file.","Dependency-aware cloud-protection tuning; display total timeout, not just the added seconds.","windows:SUPPORTED_Windows_10_0","","WindowsDefender.admx + en-US/WindowsDefender.adml, policy MpEngine_MpBafsExtendedTimeout"
"107","Enable file hash computation feature","WindowsDefender.admx","MpEngine_EnableFileHashComputation","machine","Machine","False","Gap","Security","Advanced","Computes hashes for files Defender scans.","Mostly investigative/reporting value; verify the current platform and cost before exposing it.","windows:SUPPORTED_Windows_10_0_RS7","","WindowsDefender.admx + en-US/WindowsDefender.adml, policy MpEngine_EnableFileHashComputation"
"108","Select cloud protection level","WindowsDefender.admx","MpEngine_MpCloudBlockLevel","machine","Machine","False","Gap","Security","Advanced","Selects how aggressively Defender cloud protection blocks suspicious or unknown files.","Useful advanced mode selector; explain false positives and cloud-service dependency.","windows:SUPPORTED_Windows_10_0","","WindowsDefender.admx + en-US/WindowsDefender.adml, policy MpEngine_MpCloudBlockLevel"
"109","Turn on definition retirement","WindowsDefender.admx","Nis_Consumers_IPS_DisableSignatureRetirement","machine","Machine","False","Gap","Security","Skip","Retires network-inspection signatures for vulnerabilities already patched.","Engine-maintenance detail; do not confuse it with definition updates or malicious-domain protection.","windows:SUPPORTED_Windows8","","WindowsDefender.admx + en-US/WindowsDefender.adml, policy Nis_Consumers_IPS_DisableSignatureRetirement"
"110","Configure local setting override for monitoring file and program activity on your computer","WindowsDefender.admx","RealtimeProtection_LocalSettingOverrideDisableOnAccessProtection","machine","Machine","False","Gap","Security","Advanced","Lets local file/program monitoring preferences override policy.","Integrate into source handling for row 21 rather than a duplicate card.","windows:SUPPORTED_Windows8","","WindowsDefender.admx + en-US/WindowsDefender.adml, policy RealtimeProtection_LocalSettingOverrideDisableOnAccessProtection"
"111","Configure local setting override for monitoring for incoming and outgoing file activity","WindowsDefender.admx","RealtimeProtection_LocalSettingOverrideRealtimeScanDirection","machine","Machine","False","Gap","Security","Advanced","Lets local incoming/outgoing scan preferences override policy.","Integrate into source handling for row 20 rather than a duplicate card.","windows:SUPPORTED_Windows8","","WindowsDefender.admx + en-US/WindowsDefender.adml, policy RealtimeProtection_LocalSettingOverrideRealtimeScanDirection"
"112","Configure local setting override for scanning all downloaded files and attachments","WindowsDefender.admx","RealtimeProtection_LocalSettingOverrideDisableIOAVProtection","machine","Machine","False","Gap","Security","Advanced","Lets local downloaded-file scanning preferences override policy.","Integrate into source handling for row 22 rather than a duplicate card.","windows:SUPPORTED_Windows8","","WindowsDefender.admx + en-US/WindowsDefender.adml, policy RealtimeProtection_LocalSettingOverrideDisableIOAVProtection"
"113","Configure local setting override for turn on behavior monitoring","WindowsDefender.admx","RealtimeProtection_LocalSettingOverrideDisableBehaviorMonitoring","machine","Machine","False","Gap","Security","Advanced","Lets local behavior-monitoring preferences override policy.","Integrate into source handling for row 24 rather than a duplicate card.","windows:SUPPORTED_Windows8","","WindowsDefender.admx + en-US/WindowsDefender.adml, policy RealtimeProtection_LocalSettingOverrideDisableBehaviorMonitoring"
"114","Configure local setting override to turn on real-time protection","WindowsDefender.admx","RealtimeProtection_LocalSettingOverrideDisableRealtimeMonitoring","machine","Machine","False","Gap","Security","Advanced","Lets local real-time protection preferences override policy.","Integrate into source handling for row 23; tamper protection is an additional constraint.","windows:SUPPORTED_Windows8","","WindowsDefender.admx + en-US/WindowsDefender.adml, policy RealtimeProtection_LocalSettingOverrideDisableRealtimeMonitoring"
"115","Define the maximum size of downloaded files and attachments to be scanned","WindowsDefender.admx","RealtimeProtection_IOAVMaxSize","machine","Machine","False","Gap","Security","Advanced","Limits the size of downloaded files and attachments eligible for scanning.","Specialist scan tuning; requires current units, limits, and protection-impact validation.","windows:SUPPORTED_Windows8","","WindowsDefender.admx + en-US/WindowsDefender.adml, policy RealtimeProtection_IOAVMaxSize"
"116","Turn on process scanning whenever real-time protection is enabled","WindowsDefender.admx","RealtimeProtection_DisableScanOnRealtimeEnable","machine","Machine","False","Gap","Security","Advanced","Scans running processes when real-time protection is enabled again.","Detailed protection option; useful only alongside the real-time control.","windows:SUPPORTED_Windows8","","WindowsDefender.admx + en-US/WindowsDefender.adml, policy RealtimeProtection_DisableScanOnRealtimeEnable"
"117","Turn on raw volume write notifications","WindowsDefender.admx","RealtimeProtection_DisableRawWriteNotification","machine","Machine","False","Gap","Security","Skip","Passes raw disk-write notifications to behavior monitoring.","Low-level engine plumbing; no clear ordinary-user workflow.","windows:SUPPORTED_Windows8","","WindowsDefender.admx + en-US/WindowsDefender.adml, policy RealtimeProtection_DisableRawWriteNotification"
"118","Configure low CPU priority for scheduled scans","WindowsDefender.admx","Scan_LowCpuPriority","machine","Machine","False","Gap","Security","Add","Uses low CPU priority for scheduled Defender scans.","Useful performance choice; does not cap CPU usage or change manually started scans.","windows:SUPPORTED_Windows_10_0_RS5","","WindowsDefender.admx + en-US/WindowsDefender.adml, policy Scan_LowCpuPriority"
"119","Create a system restore point","WindowsDefender.admx","Scan_DisableRestorePoint","machine","Machine","False","Gap","Security","Advanced","Requests a daily restore point before Defender cleaning.","Not a general restore-point schedule; verify System Protection support and actual creation.","windows:SUPPORTED_Windows8","","WindowsDefender.admx + en-US/WindowsDefender.adml, policy Scan_DisableRestorePoint"
"120","Scan archive files","WindowsDefender.admx","Scan_DisableArchiveScanning","machine","Machine","False","Gap","Security","Advanced","Scans archive contents during applicable scans.","Detailed scan option; directed scans still scan archives according to installed help.","windows:SUPPORTED_Windows8","","WindowsDefender.admx + en-US/WindowsDefender.adml, policy Scan_DisableArchiveScanning"
"121","Turn on catch-up full scan","WindowsDefender.admx","Scan_DisableCatchupFullScan","machine","Machine","False","Gap","Security","Advanced","Runs a missed scheduled full scan after repeated missed scans.","Place in a Defender schedule editor; not a schedule by itself.","windows:SUPPORTED_Windows8","","WindowsDefender.admx + en-US/WindowsDefender.adml, policy Scan_DisableCatchupFullScan"
"122","Turn on catch-up quick scan","WindowsDefender.admx","Scan_DisableCatchupQuickScan","machine","Machine","False","Gap","Security","Advanced","Runs a missed scheduled quick scan after repeated missed scans.","Place beside full-scan catch-up and explain the schedule dependency.","windows:SUPPORTED_Windows8","","WindowsDefender.admx + en-US/WindowsDefender.adml, policy Scan_DisableCatchupQuickScan"
"123","Turn on e-mail scanning","WindowsDefender.admx","Scan_DisableEmailScanning","machine","Machine","False","Gap","Security","Skip","Parses legacy mailbox file formats for malware.","Installed help excludes modern email clients; do not market this as current email protection.","windows:SUPPORTED_Windows8","","WindowsDefender.admx + en-US/WindowsDefender.adml, policy Scan_DisableEmailScanning"
"124","Turn on reparse point scanning","WindowsDefender.admx","Scan_DisableReparsePointScanning","machine","Machine","False","Gap","Security","Advanced","Follows reparse points during scanning.","Specialist coverage/performance tradeoff with recursion concerns; default remains off.","windows:SUPPORTED_Windows8","","WindowsDefender.admx + en-US/WindowsDefender.adml, policy Scan_DisableReparsePointScanning"
"125","Allow notifications to disable security intelligence based reports to Microsoft MAPS","WindowsDefender.admx","SignatureUpdate_SignatureDisableNotification","machine","Machine","False","Gap","Security","Advanced","Receives MAPS instructions disabling individual signatures causing false positives.","Part of cloud-intelligence behavior, not notifications shown to the user.","windows:SUPPORTED_Windows8","","WindowsDefender.admx + en-US/WindowsDefender.adml, policy SignatureUpdate_SignatureDisableNotification"
"126","Allow security intelligence updates when running on battery power","WindowsDefender.admx","SignatureUpdate_DisableScheduledSignatureUpdateonBattery","machine","Machine","False","Gap","Security","Advanced","Permits security-intelligence updates while on battery.","Useful battery option within Defender update settings, not Windows Update settings.","windows:SUPPORTED_Windows8","","WindowsDefender.admx + en-US/WindowsDefender.adml, policy SignatureUpdate_DisableScheduledSignatureUpdateonBattery"
"127","Check for the latest virus and spyware security intelligence on startup","WindowsDefender.admx","SignatureUpdate_UpdateOnStartup","machine","Machine","False","Gap","Security","Advanced","Checks for security-intelligence updates when the antimalware service starts.","Combine with Defender update scheduling.","windows:SUPPORTED_Windows8","","WindowsDefender.admx + en-US/WindowsDefender.adml, policy SignatureUpdate_UpdateOnStartup"
"128","Define the number of days after which a catch-up security intelligence update is required","WindowsDefender.admx","SignatureUpdate_SignatureUpdateCatchupInterval","machine","Machine","False","Gap","Security","Advanced","Sets how old intelligence may become before a catch-up update is required.","Expose with schedule and update-source dependencies.","windows:SUPPORTED_Windows8","","WindowsDefender.admx + en-US/WindowsDefender.adml, policy SignatureUpdate_SignatureUpdateCatchupInterval"
"129","Initiate security intelligence update on startup","WindowsDefender.admx","SignatureUpdate_DisableUpdateOnStartupWithoutEngine","machine","Machine","False","Gap","Security","Skip","Initiates updates at startup when no antimalware engine is present.","Bootstrap/recovery detail; not the ordinary startup-update control in row 127.","windows:SUPPORTED_Windows8","","WindowsDefender.admx + en-US/WindowsDefender.adml, policy SignatureUpdate_DisableUpdateOnStartupWithoutEngine"
"130","Specify the time to check for security intelligence updates","WindowsDefender.admx","SignatureUpdate_ScheduleTime","machine","Machine","False","Gap","Security","Advanced","Sets the local time for checking security-intelligence updates.","Time picker in the Defender schedule editor; preserve randomization and source settings.","windows:SUPPORTED_Windows8","","WindowsDefender.admx + en-US/WindowsDefender.adml, policy SignatureUpdate_ScheduleTime"
"131","Turn on scan after security intelligence update","WindowsDefender.admx","SignatureUpdate_DisableScanOnUpdate","machine","Machine","False","Gap","Security","Advanced","Triggers a scan after security-intelligence updates.","Place with Defender schedules; current platform semantics need verification.","windows:SUPPORTED_Windows8","","WindowsDefender.admx + en-US/WindowsDefender.adml, policy SignatureUpdate_DisableScanOnUpdate"
"132","Disable Cocreator","WindowsCopilot.admx","DisableCocreator","machine","Machine","False","Gap","Windows Annoyances","Add","Removes Paint Cocreator functionality.","Useful individual AI option; check Paint version, hardware, and supported Windows build.","windows:SUPPORTED_Windows_11_0_22H2","https://learn.microsoft.com/en-us/windows/client-management/mdm/policy-csp-windowsai#disablecocreator","WindowsCopilot.admx + en-US/WindowsCopilot.adml, policy DisableCocreator"
"133","Disable generative fill","WindowsCopilot.admx","DisableGenerativeFill","machine","Machine","False","Gap","Windows Annoyances","Add","Removes Paint generative fill functionality.","Keep separately selectable within Paint AI controls; do not disable ordinary editing.","windows:SUPPORTED_Windows_11_0_22H2","https://learn.microsoft.com/en-us/windows/client-management/mdm/policy-csp-windowsai#disablegenerativefill","WindowsCopilot.admx + en-US/WindowsCopilot.adml, policy DisableGenerativeFill"
"134","Disable Image Creator","WindowsCopilot.admx","DisableImageCreator","machine","Machine","False","Gap","Windows Annoyances","Add","Removes Paint Image Creator functionality.","Keep separately selectable within Paint AI controls.","windows:SUPPORTED_Windows_11_0_22H2","https://learn.microsoft.com/en-us/windows/client-management/mdm/policy-csp-windowsai#disableimagecreator","WindowsCopilot.admx + en-US/WindowsCopilot.adml, policy DisableImageCreator"
"135","Allow search highlights","Search.admx","AllowSearchHighlights","machine","Machine","False","Related","Windows Annoyances","Extend","Controls Search highlights in Start search and Search home.","Connect the machine policy to the existing preference control and show effective state.","windows:SUPPORTED_Windows_10_0","","Search.admx + en-US/Search.adml, policy AllowSearchHighlights"
"136","Allow Automatic Update of Speech Data","Speech.admx","AllowSpeechModelUpdate","machine","Machine","False","Gap","Privacy & Telemetry","Advanced","Permits downloads of updated speech recognition and synthesis models.","Controls model updates, not microphone access or online recognition; disabling can leave older language models.","windows:SUPPORTED_Windows_10_0","","Speech.admx + en-US/Speech.adml, policy AllowSpeechModelUpdate"
"137","Turn off Windows Copilot","WindowsCopilot.admx","TurnOffWindowsCopilot","machine","User","True","Direct","Windows Annoyances","Skip","Targets the old integrated Windows Copilot experience, in an unsupported machine scope.","Correct existing detection and replace the claimed effect with current app management, not another legacy toggle.","windows:SUPPORTED_Windows_11_0_NOSERVER_ENTERPRISE_EDUCATION_PRO_SANDBOX","https://learn.microsoft.com/en-us/windows/client-management/manage-windows-copilot","WindowsCopilot.admx + en-US/WindowsCopilot.adml, policy TurnOffWindowsCopilot"
"138","Notify Malicious","WebThreatDefense.admx","NotifyMalicious","machine","Machine","False","Gap","Security","Add","Warns about entering a protected sign-in password into a malicious site or app.","Group under phishing protection; verify sign-in method and base protection prerequisites.","windows:SUPPORTED_Windows_11_0_22H2","","WebThreatDefense.admx + en-US/WebThreatDefense.adml, policy NotifyMalicious"
"139","Notify Password Reuse","WebThreatDefense.admx","NotifyPasswordReuse","machine","Machine","False","Gap","Security","Add","Warns when a protected sign-in password is reused elsewhere.","Separate choice beside malicious-site warnings; not a general password-manager audit.","windows:SUPPORTED_Windows_11_0_22H2","","WebThreatDefense.admx + en-US/WebThreatDefense.adml, policy NotifyPasswordReuse"
"140","Configure App Install Control","SmartScreen.admx","ConfigureAppInstallControl","machine","Machine","False","Gap","Security","Add","Chooses app-source recommendations, warnings, or Store-only installation.","Useful Security choice; present all modes and dependency on SmartScreen.","windows:SUPPORTED_Windows_10_0_RS5","","SmartScreen.admx + en-US/SmartScreen.adml, policy ConfigureAppInstallControl"
"141","Configure Windows Defender SmartScreen","SmartScreen.admx","ShellConfigureSmartScreen","machine","Machine","False","Gap","Security","Add","Controls reputation warnings for downloaded applications, with optional prevention of bypass.","One SmartScreen control with modes; not Edge-only SmartScreen or Smart App Control.","windows:SUPPORTED_Windows8","","SmartScreen.admx + en-US/SmartScreen.adml, policy ShellConfigureSmartScreen"
"142","Prevent Windows Media DRM Internet Access","WindowsMediaDRM.admx","DisableOnline","machine","Machine","False","Gap","Privacy & Telemetry","Skip","Blocks legacy Windows Media DRM license acquisition and security updates.","Can break protected-media playback; no evidence that it controls current DRM systems.","windows:SUPPORTED_WindowsNET","","WindowsMediaDRM.admx + en-US/WindowsMediaDRM.adml, policy DisableOnline"
"143","Prevent users from modifying settings","WindowsDefenderSecurityCenter.admx","AppBrowserProtection_DisallowExploitProtectionOverride","machine","Machine","False","Gap","Security","Advanced","Prevents local users editing exploit protection in Windows Security.","An ownership restriction, not protection itself; belongs with exploit-protection management.","windows:SUPPORTED_Windows_10_0_RS3","","WindowsDefenderSecurityCenter.admx + en-US/WindowsDefenderSecurityCenter.adml, policy AppBrowserProtection_DisallowExploitProtectionOverride"
"144","Hide all notifications","WindowsDefenderSecurityCenter.admx","Notifications_DisableNotifications","machine","Machine","False","Gap","Security","Advanced","Hides all Windows Security notifications, including important alerts.","Optional advanced notification mode; never label it as only removing nags.","windows:SUPPORTED_Windows_10_0_RS3","","WindowsDefenderSecurityCenter.admx + en-US/WindowsDefenderSecurityCenter.adml, policy Notifications_DisableNotifications"
"145","Hide non-critical notifications","WindowsDefenderSecurityCenter.admx","Notifications_DisableEnhancedNotifications","machine","Machine","False","Gap","Security","Add","Hides noncritical Windows Security notifications while keeping critical alerts.","Useful notification choice; all-notifications policy overrides it.","windows:SUPPORTED_Windows_10_0_RS3","","WindowsDefenderSecurityCenter.admx + en-US/WindowsDefenderSecurityCenter.adml, policy Notifications_DisableEnhancedNotifications"
"146","Do not use diagnostic data for tailored experiences","CloudContent.admx","DisableTailoredExperiencesWithDiagnosticData","user","User","False","Related","Privacy & Telemetry","Extend","Prevents diagnostic data being used to personalize Windows suggestions.","Connect user policy to the existing control; it does not stop collection or remove every suggestion.","windows:SUPPORTED_Windows_10_0_RS2","","CloudContent.admx + en-US/CloudContent.adml, policy DisableTailoredExperiencesWithDiagnosticData"
"147","Turn off saving snapshots for use with Recall","WindowsCopilot.admx","DisableAIDataAnalysis","user","Both","False","Related","Windows Annoyances","Extend","Applies the Recall snapshot restriction in user scope and deletes that user's existing snapshots.","Unify with row 58 while preserving scope and destructive-effect handling.","windows:SUPPORTED_Windows_11_0_NOSERVER_ENTERPRISE_EDUCATION_PRO_SANDBOX","https://learn.microsoft.com/en-us/windows/client-management/mdm/policy-csp-windowsai#disableaidataanalysis","WindowsCopilot.admx + en-US/WindowsCopilot.adml, policy DisableAIDataAnalysis"
"148","Turn off Windows Copilot","WindowsCopilot.admx","TurnOffWindowsCopilot","user","User","False","Direct","Windows Annoyances","Skip","Targets the legacy integrated Windows Copilot in its valid user scope.","Do not claim this disables the current Copilot app; replace with supported app management.","windows:SUPPORTED_Windows_11_0_NOSERVER_ENTERPRISE_EDUCATION_PRO_SANDBOX","https://learn.microsoft.com/en-us/windows/client-management/manage-windows-copilot","WindowsCopilot.admx + en-US/WindowsCopilot.adml, policy TurnOffWindowsCopilot"
