"Row","AdmxFile","PolicyId","ExportScope","InstalledClass","Destination","HistoricalRouteCoverage","OptionFields","PresentAddresses","ScopeMismatch","Disposition","RequiredEvidence"
"1","Logon.admx","VerboseStatus","machine","Machine","Explorer","Gap","0","1","False","Unresolved pending evidence","Verify supported semantics and add the useful control in the assigned feature."
"2","EarlyLaunchAM.admx","POL_DriverLoadPolicy_Name","machine","Machine","Security","Gap","1","0","False","Unresolved pending evidence","Verify all option fields, support, source precedence, and existing route."
"3","ICM.admx","InternetManagement_RestrictCommunication_2","machine","Machine","Network & Firewall","Gap","0","3","False","Unresolved pending evidence","Shared subordinate value does not establish umbrella policy state. Verify full lists."
"4","Power.admx","CustomActiveSchemeOverride_2","machine","Machine","Power","Direct","1","1","False","Unresolved pending evidence","Verify all option fields, support, source precedence, and existing route."
"5","Power.admx","PowerThrottlingTurnOff","machine","Machine","Power","Gap","0","1","False","Unresolved pending evidence","Verify supported semantics and add the useful control in the assigned feature."
"6","WinInit.admx","Hiberboot","machine","Machine","Power","Gap","0","1","False","Unresolved pending evidence","Verify supported semantics and add the useful control in the assigned feature."
"7","VolumeEncryption.admx","AllowSecureBootForIntegrity_Name","machine","Machine","Security","Gap","0","1","False","Unresolved pending evidence","Verify supported semantics and add the useful control in the assigned feature."
"8","VolumeEncryption.admx","ConfigureAdvancedStartup_Name","machine","Machine","Security","Gap","5","2","False","Unresolved pending evidence","Verify all option fields, support, source precedence, and existing route."
"9","CloudContent.admx","DisableSoftLanding","machine","Machine","Windows Annoyances","Related","0","1","False","Unresolved pending evidence","Resolve preference overlap or partial coverage before adding policy control."
"10","CloudContent.admx","DisableConsumerAccountStateContent","machine","Machine","Windows Annoyances","Related","0","1","False","Unresolved pending evidence","Resolve preference overlap or partial coverage before adding policy control."
"11","CloudContent.admx","DisableCloudOptimizedContent","machine","Machine","Windows Annoyances","Related","0","1","False","Unresolved pending evidence","Resolve preference overlap or partial coverage before adding policy control."
"12","CloudContent.admx","DisableWindowsConsumerFeatures","machine","Machine","Windows Annoyances","Direct","0","1","False","Unresolved pending evidence","Matching source route exists. Verify policy support, source handling, and exact undo."
"13","DataCollection.admx","AllowTelemetry","machine","Both","Privacy & Telemetry","Direct","1","1","False","Unresolved pending evidence","Verify all option fields, support, source precedence, and existing route."
"14","DeliveryOptimization.admx","DownloadMode","machine","Machine","Windows Update","Direct","1","1","False","Unresolved pending evidence","Verify all option fields, support, source precedence, and existing route."
"15","WindowsDefender.admx","ServiceKeepAlive","machine","Machine","Security","Gap","0","1","False","Unresolved pending evidence","Verify supported semantics and add the useful control in the assigned feature."
"16","WindowsDefender.admx","AllowFastServiceStartup","machine","Machine","Security","Gap","0","1","False","Unresolved pending evidence","Verify supported semantics and add the useful control in the assigned feature."
"17","WindowsDefender.admx","Root_PUAProtection","machine","Machine","Security","Gap","1","0","False","Unresolved pending evidence","Verify all option fields, support, source precedence, and existing route."
"18","WindowsDefender.admx","DisableAntiSpywareDefender","machine","Machine","Security","Gap","0","1","False","Unresolved pending evidence","Verify supported semantics and add the useful control in the assigned feature."
"19","WindowsDefender.admx","SpynetReporting","machine","Machine","Security","Gap","1","0","False","Unresolved pending evidence","Verify all option fields, support, source precedence, and existing route."
"20","WindowsDefender.admx","RealtimeProtection_RealtimeScanDirection","machine","Machine","Security","Gap","1","0","False","Unresolved pending evidence","Verify all option fields, support, source precedence, and existing route."
"21","WindowsDefender.admx","RealtimeProtection_DisableOnAccessProtection","machine","Machine","Security","Gap","0","1","False","Unresolved pending evidence","Verify supported semantics and add the useful control in the assigned feature."
"22","WindowsDefender.admx","RealtimeProtection_DisableIOAVProtection","machine","Machine","Security","Gap","0","1","False","Unresolved pending evidence","Verify supported semantics and add the useful control in the assigned feature."
"23","WindowsDefender.admx","DisableRealtimeMonitoring","machine","Machine","Security","Gap","0","1","False","Unresolved pending evidence","Verify supported semantics and add the useful control in the assigned feature."
"24","WindowsDefender.admx","RealtimeProtection_DisableBehaviorMonitoring","machine","Machine","Security","Gap","0","1","False","Unresolved pending evidence","Verify supported semantics and add the useful control in the assigned feature."
"25","WindowsDefender.admx","RealtimeProtection_DisableSriptScanning","machine","Machine","Security","Gap","0","1","False","Unresolved pending evidence","Verify supported semantics and add the useful control in the assigned feature."
"26","WindowsDefender.admx","Reporting_ServiceHealthReportInterval","machine","Machine","Security","Gap","1","0","False","Unresolved pending evidence","Verify all option fields, support, source precedence, and existing route."
"27","WindowsDefender.admx","Reporting_CriticalFailureTimeout","machine","Machine","Security","Gap","1","0","False","Unresolved pending evidence","Verify all option fields, support, source precedence, and existing route."
"28","WindowsDefender.admx","Reporting_NonCriticalTimeout","machine","Machine","Security","Gap","1","0","False","Unresolved pending evidence","Verify all option fields, support, source precedence, and existing route."
"29","WindowsDefender.admx","Reporting_RecentlyCleanedTimeout","machine","Machine","Security","Gap","1","0","False","Unresolved pending evidence","Verify all option fields, support, source precedence, and existing route."
"30","WindowsDefender.admx","Reporting_AdditionalActionTimeout","machine","Machine","Security","Gap","1","0","False","Unresolved pending evidence","Verify all option fields, support, source precedence, and existing route."
"31","WindowsDefender.admx","Reporting_DisablegenericrePorts","machine","Machine","Security","Gap","0","1","False","Unresolved pending evidence","Verify supported semantics and add the useful control in the assigned feature."
"32","WindowsDefender.admx","Reporting_EnableDynamicSignatureDroppedEventReporting","machine","Machine","Security","Gap","0","1","False","Unresolved pending evidence","Verify supported semantics and add the useful control in the assigned feature."
"33","WindowsDefender.admx","Reporting_WppTracingComponents","machine","Machine","Security","Gap","1","0","False","Unresolved pending evidence","Verify all option fields, support, source precedence, and existing route."
"34","WindowsDefender.admx","Reporting_WppTracingLevel","machine","Machine","Security","Gap","1","0","False","Unresolved pending evidence","Verify all option fields, support, source precedence, and existing route."
"35","WindowsDefender.admx","Reporting_DisableEnhancedNotifications","machine","Machine","Security","Gap","0","1","False","Unresolved pending evidence","Verify supported semantics and add the useful control in the assigned feature."
"36","WindowsDefender.admx","CheckForSignaturesBeforeRunningScan","machine","Machine","Security","Gap","0","1","False","Unresolved pending evidence","Verify supported semantics and add the useful control in the assigned feature."
"37","WindowsDefender.admx","Scan_DisableScanningNetworkFiles","machine","Machine","Security","Gap","0","1","False","Unresolved pending evidence","Verify supported semantics and add the useful control in the assigned feature."
"38","WindowsDefender.admx","Scan_DisableHeuristics","machine","Machine","Security","Gap","0","1","False","Unresolved pending evidence","Verify supported semantics and add the useful control in the assigned feature."
"39","WindowsDefender.admx","SignatureUpdate_RealtimeSignatureDelivery","machine","Machine","Security","Gap","0","1","False","Unresolved pending evidence","Verify supported semantics and add the useful control in the assigned feature."
"40","WindowsDefender.admx","SignatureUpdate_ForceUpdateFromMU","machine","Machine","Security","Gap","0","1","False","Unresolved pending evidence","Verify supported semantics and add the useful control in the assigned feature."
"41","ExploitGuard.admx","ExploitProtection_Name","machine","Machine","Security","Gap","1","0","False","Unresolved pending evidence","Verify all option fields, support, source precedence, and existing route."
"42","MicrosoftEdge.admx","ConfigureOpenEdgeWith","machine","Both","Windows Annoyances","Gap","1","0","False","Unresolved pending evidence","Verify all option fields, support, source precedence, and existing route."
"43","Search.admx","AllowCloudSearch","machine","Machine","Windows Annoyances","Gap","1","0","False","Unresolved pending evidence","Verify all option fields, support, source precedence, and existing route."
"44","Search.admx","AllowCortana","machine","Machine","Windows Annoyances","Gap","0","1","False","Unresolved pending evidence","Verify supported semantics and add the useful control in the assigned feature."
"45","Search.admx","AllowCortanaAboveLock","machine","Machine","Windows Annoyances","Gap","0","1","False","Unresolved pending evidence","Verify supported semantics and add the useful control in the assigned feature."
"46","Search.admx","AllowSearchToUseLocation","machine","Machine","Windows Annoyances","Gap","0","1","False","Unresolved pending evidence","Verify supported semantics and add the useful control in the assigned feature."
"47","Search.admx","DisableWebSearch","machine","Machine","Windows Annoyances","Related","0","1","False","Unresolved pending evidence","Resolve preference overlap or partial coverage before adding policy control."
"48","Search.admx","DoNotUseWebResults","machine","Machine","Windows Annoyances","Related","0","1","False","Unresolved pending evidence","Resolve preference overlap or partial coverage before adding policy control."
"49","Search.admx","DoNotUseWebResultsOnMeteredConnections","machine","Machine","Windows Annoyances","Related","0","1","False","Unresolved pending evidence","Resolve preference overlap or partial coverage before adding policy control."
"50","Search.admx","SearchPrivacy","machine","Machine","Windows Annoyances","Gap","1","0","False","Unresolved pending evidence","Verify all option fields, support, source precedence, and existing route."
"51","SecureBoot.admx","SecureBoot_AvailableUpdatesPolicy","machine","Machine","Security","Gap","0","1","False","Unresolved pending evidence","Verify supported semantics and add the useful control in the assigned feature."
"52","NewsAndInterests.admx","AllowNewsAndInterests","machine","Machine","Taskbar","Related","0","1","False","Unresolved pending evidence","Resolve preference overlap or partial coverage before adding policy control."
"53","NewsAndInterests.admx","DisableWidgetsBoard","machine","Machine","Taskbar","Related","0","1","False","Unresolved pending evidence","Resolve preference overlap or partial coverage before adding policy control."
"54","NewsAndInterests.admx","DisableWidgetsOnLockScreen","machine","Machine","Taskbar","Gap","0","1","False","Unresolved pending evidence","Verify supported semantics and add the useful control in the assigned feature."
"55","WindowsCopilot.admx","AllowRecallExport","machine","Machine","Windows Annoyances","Gap","0","1","False","Unresolved pending evidence","Verify supported semantics and add the useful control in the assigned feature."
"56","WindowsCopilot.admx","AllowRecallEnablement","machine","Machine","Windows Annoyances","Direct","0","1","False","Unresolved pending evidence","Matching source route exists. Verify policy support, source handling, and exact undo."
"57","WindowsCopilot.admx","DisableSettingsAgent","machine","Machine","Windows Annoyances","Gap","0","1","False","Unresolved pending evidence","Verify supported semantics and add the useful control in the assigned feature."
"58","WindowsCopilot.admx","DisableAIDataAnalysis","machine","Both","Windows Annoyances","Direct","0","2","False","Unresolved pending evidence","Matching source route exists. Verify policy support, source handling, and exact undo."
"59","GameDVR.admx","AllowGameDVR","machine","Machine","Windows Annoyances","Related","0","1","False","Unresolved pending evidence","Resolve preference overlap or partial coverage before adding policy control."
"60","WindowsMediaPlayer.admx","DisableAutoUpdate","machine","Machine","Windows Update","Gap","0","1","False","Unresolved pending evidence","Verify supported semantics and add the useful control in the assigned feature."
"61","WindowsUpdate.admx","ImmediateInstall_Title","machine","Machine","Windows Update","Gap","0","1","False","Unresolved pending evidence","Verify supported semantics and add the useful control in the assigned feature."
"62","WindowsUpdate.admx","AUPowerManagement_Title","machine","Machine","Windows Update","Gap","0","1","False","Unresolved pending evidence","Verify supported semantics and add the useful control in the assigned feature."
"63","WindowsUpdate.admx","IncludeRecommendedUpdates_Title","machine","Machine","Windows Update","Gap","0","1","False","Unresolved pending evidence","Verify supported semantics and add the useful control in the assigned feature."
"64","WindowsUpdate.admx","AutoUpdateCfg","machine","Machine","Windows Update","Partial","10","1","False","Unresolved pending evidence","Verify all option fields, support, source precedence, and existing route."
"65","WindowsUpdate.admx","ComplianceDeadlineForFU","machine","Machine","Windows Update","Gap","3","1","False","Unresolved pending evidence","Verify all option fields, support, source precedence, and existing route."
"66","WindowsUpdate.admx","ComplianceDeadline","machine","Machine","Windows Update","Gap","3","1","False","Unresolved pending evidence","Verify all option fields, support, source precedence, and existing route."
"67","WindowsUpdate.admx","ActiveHours","machine","Machine","Windows Update","Related","2","3","False","Unresolved pending evidence","Verify all option fields, support, source precedence, and existing route."
"68","WindowsUpdate.admx","SetEDURestart","machine","Machine","Windows Update","Gap","0","1","False","Unresolved pending evidence","Verify supported semantics and add the useful control in the assigned feature."
"69","WindowsUpdate.admx","DisableWUfBSafeguards","machine","Machine","Windows Update","Gap","0","1","False","Unresolved pending evidence","Verify supported semantics and add the useful control in the assigned feature."
"70","WindowsUpdate.admx","ExcludeWUDriversInQualityUpdate","machine","Machine","Windows Update","Direct","0","1","False","Unresolved pending evidence","Matching source route exists. Verify policy support, source handling, and exact undo."
"71","ControlPanel.admx","SettingsPageVisibility","machine","Both","Explorer","Gap","1","1","False","Unresolved pending evidence","Verify all option fields, support, source precedence, and existing route."
"72","ControlPanelDisplay.admx","CPL_Personalization_NoLockScreenCamera","machine","Machine","Privacy & Telemetry","Gap","0","1","False","Unresolved pending evidence","Verify supported semantics and add the useful control in the assigned feature."
"73","Globalization.admx","AllowInputPersonalization","machine","Machine","Privacy & Telemetry","Related","0","1","False","Unresolved pending evidence","Resolve preference overlap or partial coverage before adding policy control."
"74","Desktop.admx","NoActiveDesktop","machine","User","Explorer","Gap","0","0","True","Unresolved pending evidence","Export scope contradicts installed definition. Verify the supported scope and existing route."
"75","Desktop.admx","sz_ATC_NoComponents","machine","User","Explorer","Gap","0","0","True","Unresolved pending evidence","Export scope contradicts installed definition. Verify the supported scope and existing route."
"76","Desktop.admx","ForceActiveDesktopOn","machine","User","Explorer","Gap","0","0","True","Unresolved pending evidence","Export scope contradicts installed definition. Verify the supported scope and existing route."
"77","Desktop.admx","sz_ATC_DisableAdd","machine","User","Explorer","Gap","0","0","True","Unresolved pending evidence","Export scope contradicts installed definition. Verify the supported scope and existing route."
"78","Desktop.admx","NoActiveDesktopChanges","machine","User","Explorer","Gap","0","0","True","Unresolved pending evidence","Export scope contradicts installed definition. Verify the supported scope and existing route."
"79","NetworkConnections.admx","NC_PersonalFirewallConfig","machine","Machine","Network & Firewall","Gap","0","1","False","Unresolved pending evidence","Verify supported semantics and add the useful control in the assigned feature."
"80","StartMenu.admx","HideRecommendedSection","machine","Both","Windows Annoyances","Related","0","1","False","Unresolved pending evidence","Resolve preference overlap or partial coverage before adding policy control."
"81","EnhancedStorage.admx","TCGSecurityActivationDisabled","machine","Machine","Security","Gap","0","1","False","Unresolved pending evidence","Verify supported semantics and add the useful control in the assigned feature."
"82","LocalSecurityAuthority.admx","ConfigureLsaProtectedProcess","machine","Machine","Security","Gap","1","1","False","Unresolved pending evidence","Verify all option fields, support, source precedence, and existing route."
"83","OSPolicy.admx","AllowClipboardHistory","machine","Machine","Windows Annoyances","Gap","0","1","False","Unresolved pending evidence","Verify supported semantics and add the useful control in the assigned feature."
"84","OSPolicy.admx","AllowCrossDeviceClipboard","machine","Machine","Windows Annoyances","Direct","0","1","False","Unresolved pending evidence","Matching source route exists. Verify policy support, source handling, and exact undo."
"85","OSPolicy.admx","PublishUserActivities","machine","Machine","Privacy & Telemetry","Direct","0","1","False","Unresolved pending evidence","Matching source route exists. Verify policy support, source handling, and exact undo."
"86","OSPolicy.admx","UploadUserActivities","machine","Machine","Privacy & Telemetry","Direct","0","1","False","Unresolved pending evidence","Matching source route exists. Verify policy support, source handling, and exact undo."
"87","OSPolicy.admx","EnableActivityFeed","machine","Machine","Privacy & Telemetry","Direct","0","1","False","Unresolved pending evidence","Matching source route exists. Verify policy support, source handling, and exact undo."
"88","TPM.admx","OSManagedAuth_Name","machine","Machine","Security","Gap","1","1","False","Unresolved pending evidence","Verify all option fields, support, source precedence, and existing route."
"89","AppCompat.admx","AppCompatTurnOffProgramInventory","machine","Machine","Privacy & Telemetry","Gap","0","1","False","Unresolved pending evidence","Verify supported semantics and add the useful control in the assigned feature."
"90","AppCompat.admx","AppCompatTurnOffUserActionRecord","machine","Machine","Privacy & Telemetry","Gap","0","1","False","Unresolved pending evidence","Verify supported semantics and add the useful control in the assigned feature."
"91","AttachmentManager.admx","AM_CallIOfficeAntiVirus","machine","User","Security","Gap","0","0","True","Unresolved pending evidence","Export scope contradicts installed definition. Verify the supported scope and existing route."
"92","CloudContent.admx","DisableThirdPartySuggestions","machine","User","Windows Annoyances","Related","0","0","True","Unresolved pending evidence","Export scope contradicts installed definition. Verify the supported scope and existing route."
"93","FindMy.admx","FindMy_AllowFindMyDeviceConfig","machine","Machine","Privacy & Telemetry","Gap","0","1","False","Unresolved pending evidence","Verify supported semantics and add the useful control in the assigned feature."
"94","Sensors.admx","DisableLocation_2","machine","Machine","Privacy & Telemetry","Direct","0","1","False","Unresolved pending evidence","Matching source route exists. Verify policy support, source handling, and exact undo."
"95","messaging.admx","AllowMessageSync","machine","Machine","Privacy & Telemetry","Gap","0","1","False","Unresolved pending evidence","Verify supported semantics and add the useful control in the assigned feature."
"96","WindowsDefender.admx","DisableLocalAdminMerge","machine","Machine","Security","Gap","0","1","False","Unresolved pending evidence","Verify supported semantics and add the useful control in the assigned feature."
"97","WindowsDefender.admx","RandomizeScheduleTaskTimes","machine","Machine","Security","Gap","0","1","False","Unresolved pending evidence","Verify supported semantics and add the useful control in the assigned feature."
"98","WindowsDefender.admx","DisableRoutinelyTakingAction","machine","Machine","Security","Gap","0","1","False","Unresolved pending evidence","Verify supported semantics and add the useful control in the assigned feature."
"99","WindowsDefender.admx","UX_Configuration_SuppressRebootNotification","machine","Machine","Security","Gap","0","1","False","Unresolved pending evidence","Verify supported semantics and add the useful control in the assigned feature."
"100","WindowsDefender.admx","DisableAutoExclusions","machine","Machine","Security","Gap","0","1","False","Unresolved pending evidence","Verify supported semantics and add the useful control in the assigned feature."
"101","WindowsDefender.admx","Spynet_LocalSettingOverrideSpynetReporting","machine","Machine","Security","Gap","0","1","False","Unresolved pending evidence","Verify supported semantics and add the useful control in the assigned feature."
"102","WindowsDefender.admx","DisableBlockAtFirstSeen","machine","Machine","Security","Gap","0","1","False","Unresolved pending evidence","Verify supported semantics and add the useful control in the assigned feature."
"103","WindowsDefender.admx","SubmitSamplesConsent","machine","Machine","Security","Gap","1","1","False","Unresolved pending evidence","Verify all option fields, support, source precedence, and existing route."
"104","WindowsDefender.admx","ExploitGuard_ControlledFolderAccess_EnableControlledFolderAccess","machine","Machine","Security","Gap","1","1","False","Unresolved pending evidence","Verify all option fields, support, source precedence, and existing route."
"105","WindowsDefender.admx","ExploitGuard_EnableNetworkProtection","machine","Machine","Security","Gap","1","1","False","Unresolved pending evidence","Verify all option fields, support, source precedence, and existing route."
"106","WindowsDefender.admx","MpEngine_MpBafsExtendedTimeout","machine","Machine","Security","Gap","1","1","False","Unresolved pending evidence","Verify all option fields, support, source precedence, and existing route."
"107","WindowsDefender.admx","MpEngine_EnableFileHashComputation","machine","Machine","Security","Gap","0","1","False","Unresolved pending evidence","Verify supported semantics and add the useful control in the assigned feature."
"108","WindowsDefender.admx","MpEngine_MpCloudBlockLevel","machine","Machine","Security","Gap","1","1","False","Unresolved pending evidence","Verify all option fields, support, source precedence, and existing route."
"109","WindowsDefender.admx","Nis_Consumers_IPS_DisableSignatureRetirement","machine","Machine","Security","Gap","0","1","False","Unresolved pending evidence","Verify supported semantics and add the useful control in the assigned feature."
"110","WindowsDefender.admx","RealtimeProtection_LocalSettingOverrideDisableOnAccessProtection","machine","Machine","Security","Gap","0","1","False","Unresolved pending evidence","Verify supported semantics and add the useful control in the assigned feature."
"111","WindowsDefender.admx","RealtimeProtection_LocalSettingOverrideRealtimeScanDirection","machine","Machine","Security","Gap","0","1","False","Unresolved pending evidence","Verify supported semantics and add the useful control in the assigned feature."
"112","WindowsDefender.admx","RealtimeProtection_LocalSettingOverrideDisableIOAVProtection","machine","Machine","Security","Gap","0","1","False","Unresolved pending evidence","Verify supported semantics and add the useful control in the assigned feature."
"113","WindowsDefender.admx","RealtimeProtection_LocalSettingOverrideDisableBehaviorMonitoring","machine","Machine","Security","Gap","0","1","False","Unresolved pending evidence","Verify supported semantics and add the useful control in the assigned feature."
"114","WindowsDefender.admx","RealtimeProtection_LocalSettingOverrideDisableRealtimeMonitoring","machine","Machine","Security","Gap","0","1","False","Unresolved pending evidence","Verify supported semantics and add the useful control in the assigned feature."
"115","WindowsDefender.admx","RealtimeProtection_IOAVMaxSize","machine","Machine","Security","Gap","1","1","False","Unresolved pending evidence","Verify all option fields, support, source precedence, and existing route."
"116","WindowsDefender.admx","RealtimeProtection_DisableScanOnRealtimeEnable","machine","Machine","Security","Gap","0","1","False","Unresolved pending evidence","Verify supported semantics and add the useful control in the assigned feature."
"117","WindowsDefender.admx","RealtimeProtection_DisableRawWriteNotification","machine","Machine","Security","Gap","0","1","False","Unresolved pending evidence","Verify supported semantics and add the useful control in the assigned feature."
"118","WindowsDefender.admx","Scan_LowCpuPriority","machine","Machine","Security","Gap","0","1","False","Unresolved pending evidence","Verify supported semantics and add the useful control in the assigned feature."
"119","WindowsDefender.admx","Scan_DisableRestorePoint","machine","Machine","Security","Gap","0","1","False","Unresolved pending evidence","Verify supported semantics and add the useful control in the assigned feature."
"120","WindowsDefender.admx","Scan_DisableArchiveScanning","machine","Machine","Security","Gap","0","1","False","Unresolved pending evidence","Verify supported semantics and add the useful control in the assigned feature."
"121","WindowsDefender.admx","Scan_DisableCatchupFullScan","machine","Machine","Security","Gap","0","1","False","Unresolved pending evidence","Verify supported semantics and add the useful control in the assigned feature."
"122","WindowsDefender.admx","Scan_DisableCatchupQuickScan","machine","Machine","Security","Gap","0","1","False","Unresolved pending evidence","Verify supported semantics and add the useful control in the assigned feature."
"123","WindowsDefender.admx","Scan_DisableEmailScanning","machine","Machine","Security","Gap","0","1","False","Unresolved pending evidence","Verify supported semantics and add the useful control in the assigned feature."
"124","WindowsDefender.admx","Scan_DisableReparsePointScanning","machine","Machine","Security","Gap","0","1","False","Unresolved pending evidence","Verify supported semantics and add the useful control in the assigned feature."
"125","WindowsDefender.admx","SignatureUpdate_SignatureDisableNotification","machine","Machine","Security","Gap","0","1","False","Unresolved pending evidence","Verify supported semantics and add the useful control in the assigned feature."
"126","WindowsDefender.admx","SignatureUpdate_DisableScheduledSignatureUpdateonBattery","machine","Machine","Security","Gap","0","1","False","Unresolved pending evidence","Verify supported semantics and add the useful control in the assigned feature."
"127","WindowsDefender.admx","SignatureUpdate_UpdateOnStartup","machine","Machine","Security","Gap","0","1","False","Unresolved pending evidence","Verify supported semantics and add the useful control in the assigned feature."
"128","WindowsDefender.admx","SignatureUpdate_SignatureUpdateCatchupInterval","machine","Machine","Security","Gap","1","1","False","Unresolved pending evidence","Verify all option fields, support, source precedence, and existing route."
"129","WindowsDefender.admx","SignatureUpdate_DisableUpdateOnStartupWithoutEngine","machine","Machine","Security","Gap","0","1","False","Unresolved pending evidence","Verify supported semantics and add the useful control in the assigned feature."
"130","WindowsDefender.admx","SignatureUpdate_ScheduleTime","machine","Machine","Security","Gap","1","1","False","Unresolved pending evidence","Verify all option fields, support, source precedence, and existing route."
"131","WindowsDefender.admx","SignatureUpdate_DisableScanOnUpdate","machine","Machine","Security","Gap","0","1","False","Unresolved pending evidence","Verify supported semantics and add the useful control in the assigned feature."
"132","WindowsCopilot.admx","DisableCocreator","machine","Machine","Windows Annoyances","Gap","0","1","False","Unresolved pending evidence","Verify supported semantics and add the useful control in the assigned feature."
"133","WindowsCopilot.admx","DisableGenerativeFill","machine","Machine","Windows Annoyances","Gap","0","1","False","Unresolved pending evidence","Verify supported semantics and add the useful control in the assigned feature."
"134","WindowsCopilot.admx","DisableImageCreator","machine","Machine","Windows Annoyances","Gap","0","1","False","Unresolved pending evidence","Verify supported semantics and add the useful control in the assigned feature."
"135","Search.admx","AllowSearchHighlights","machine","Machine","Windows Annoyances","Related","0","1","False","Unresolved pending evidence","Resolve preference overlap or partial coverage before adding policy control."
"136","Speech.admx","AllowSpeechModelUpdate","machine","Machine","Privacy & Telemetry","Gap","0","1","False","Unresolved pending evidence","Verify supported semantics and add the useful control in the assigned feature."
"137","WindowsCopilot.admx","TurnOffWindowsCopilot","machine","User","Windows Annoyances","Direct","0","1","True","Unresolved pending evidence","Export scope contradicts installed definition. Verify the supported scope and existing route."
"138","WebThreatDefense.admx","NotifyMalicious","machine","Machine","Security","Gap","0","1","False","Unresolved pending evidence","Verify supported semantics and add the useful control in the assigned feature."
"139","WebThreatDefense.admx","NotifyPasswordReuse","machine","Machine","Security","Gap","0","1","False","Unresolved pending evidence","Verify supported semantics and add the useful control in the assigned feature."
"140","SmartScreen.admx","ConfigureAppInstallControl","machine","Machine","Security","Gap","1","2","False","Unresolved pending evidence","Verify all option fields, support, source precedence, and existing route."
"141","SmartScreen.admx","ShellConfigureSmartScreen","machine","Machine","Security","Gap","1","1","False","Unresolved pending evidence","Verify all option fields, support, source precedence, and existing route."
"142","WindowsMediaDRM.admx","DisableOnline","machine","Machine","Privacy & Telemetry","Gap","0","1","False","Unresolved pending evidence","Verify supported semantics and add the useful control in the assigned feature."
"143","WindowsDefenderSecurityCenter.admx","AppBrowserProtection_DisallowExploitProtectionOverride","machine","Machine","Security","Gap","0","1","False","Unresolved pending evidence","Verify supported semantics and add the useful control in the assigned feature."
"144","WindowsDefenderSecurityCenter.admx","Notifications_DisableNotifications","machine","Machine","Security","Gap","0","1","False","Unresolved pending evidence","Verify supported semantics and add the useful control in the assigned feature."
"145","WindowsDefenderSecurityCenter.admx","Notifications_DisableEnhancedNotifications","machine","Machine","Security","Gap","0","1","False","Unresolved pending evidence","Verify supported semantics and add the useful control in the assigned feature."
"146","CloudContent.admx","DisableTailoredExperiencesWithDiagnosticData","user","User","Privacy & Telemetry","Related","0","1","False","Unresolved pending evidence","Resolve preference overlap or partial coverage before adding policy control."
"147","WindowsCopilot.admx","DisableAIDataAnalysis","user","Both","Windows Annoyances","Related","0","2","False","Unresolved pending evidence","Resolve preference overlap or partial coverage before adding policy control."
"148","WindowsCopilot.admx","TurnOffWindowsCopilot","user","User","Windows Annoyances","Direct","0","1","False","Unresolved pending evidence","Matching source route exists. Verify policy support, source handling, and exact undo."
